BEGIN TRANSACTION;

INSERT INTO "lists" VALUES('hpx5frcu4suewhdc','2014-06-29','Antonio Arias',NULL);

INSERT INTO "list_items" VALUES('hpx5frcu4suewhdc','fb2ade7zw3kjso62',1);
INSERT INTO "list_items" VALUES('hpx5frcu4suewhdc','4ngn7bkyintti6f5',2);
INSERT INTO "list_items" VALUES('hpx5frcu4suewhdc','ux27sn2xigwjo0t8',3);
INSERT INTO "list_items" VALUES('hpx5frcu4suewhdc','9a1d52vxkhjs89fp',4);
INSERT INTO "list_items" VALUES('hpx5frcu4suewhdc','9fam9labq9p1g637',5);
INSERT INTO "list_items" VALUES('hpx5frcu4suewhdc','hrpvg0nbkfu5ahr8',6);
INSERT INTO "list_items" VALUES('hpx5frcu4suewhdc','7b505g6n6u3lqsr5',7);
INSERT INTO "list_items" VALUES('hpx5frcu4suewhdc','nlvk634hufid7pkq',8);
INSERT INTO "list_items" VALUES('hpx5frcu4suewhdc','57l0zkum5m6wun6q',9);
INSERT INTO "list_items" VALUES('hpx5frcu4suewhdc','z4fnlr5jas9plpg6',10);

CREATE TABLE song_lyrics (song varchar(16) primary key not null,lyrics text);

INSERT INTO "song_lyrics" VALUES('kcfkbf4tfqegrp42','Veo tu rostro Señor
Afirmas mi caminar
Tu brazo me sustentó
Cuando pensé desmayar


Me has mostrado el camino
Llenas de gozo mi ser
Con tu presencia me das vida


En tu presencia
Me llenas de gozo
Me has mostrado el camino
');
INSERT INTO "song_lyrics" VALUES('h4g41xqxu68zgdhq','Canto, danzo, salto para Cristo


Mi pasado borró,
mi tristeza quitó,
hoy nueva criatura soy en Él.
No más condenación,
echo fuera el temor,
danzaré con libertad.


Hoy canto, danzo, salto para Cristo
Somos la generación
que alegra su corazón.
Canto, danzo, salto para Cristo
Los jóvenes y ancianos
juntamente nos alegramos.


Somos la generación que alegra su corazón.
');
INSERT INTO "song_lyrics" VALUES('718fq4zq58zl3hku','A aquel que es poderoso
Para guardarnos y con gracia presentarnos
Aceptos delante de Él

Sea la gloria
Y la majestad
El imperio y la autoridad
Ahora y siempre 
Amén ');
INSERT INTO "song_lyrics" VALUES('vwapv5fxbtimvkix','Su amor me alcanzó
En la cruz por mi murió
Mi pecado Él llevó
Con poder resucitó

Sigues siendo siempre fiel
Mi refugio, mi sostén
Jesucristo es la verdad
Que me dio la libertad

Poderoso
Poderoso
Me libraste
Me salvaste
Está escrito
Has vencido
Cristo Tú eres Señor

Sin principio, sin final
Esperanza sin igual
El perdido encontró
En Jesús la salvación

Que Tu nombre sea exaltado
Sea exaltado
Sea exaltado
');
INSERT INTO "song_lyrics" VALUES('mh0excempxhn5ryo','El que esta en Cristo es nueva criatura
las cosas viejas pasaron ya
he aqui todas son hechas nuevas
asi se inicia el primer amor

Por Cristo vivimos
en Cristo morimos
En El redimimos
el mal que hicimos
su sangre nos limpia
de todo pecado
y asi el pasado
queda sepultado
');
INSERT INTO "song_lyrics" VALUES('ngegxwuhi4s8jesi','De tal manera al mundo Tú amaste
Que hasta tu vida entregaste
Tu costado abierto fue

Y fueron esas gotas de tu sangre
Que mi corazón limpiaron
Me hiciste un nuevo ser


Gracias, te doy gracias
Por tu amor sin condición en esa cruz
Gracias, te doy gracias
Por tu perdón, la salvación en esa cruz

Amor sin condición
Amor sin condición
');
INSERT INTO "song_lyrics" VALUES('8mayy8kakfopbs7o','En tu paz y en tu amor
Me regocijo hoy
En tu paz y en tu amor
Seguro estoy

Y levanto hoy mis manos
Y me humillo ante ti
Que tu trono se establezca 
Hoy en mi');
INSERT INTO "song_lyrics" VALUES('q01yzilcv7y5j6py','Aquel que nos amo 
Testigo fiel exaltare 
Al que es principio y fin 
A gran Yo Soy adoraré

Aquel que nos amo 
Testigo fiel exaltare 
Al que es principio y fin 
A gran Yo Soy adorare.... 

A Jesús mi señor 
Resplandor, de la gloría de Dios 
A Jesús mi gran rey 
Alabanza y honra daré.... . 

Siempre te amare 
Siempre te adorare 
Siempre te cantare 
Siempre te exaltare');


INSERT INTO "songs" VALUES('fluf6dx6c1bt0l0c','Es el evangelio de Dios','Marco Barrientos','Para Destruir Toda Potestad','Poderoso Dios','D','POP',NULL,NULL);
INSERT INTO "songs" VALUES('f9i7uoo10jxu7947',NULL,NULL,'Por Que Tu Eres Bueno Porque Para Siempre',NULL,'D','BALADA LENTA',NULL,NULL);
INSERT INTO "songs" VALUES('ble10fm993yzh2pc',NULL,NULL,'Bendecire Al Señor Dios De Mi Salvación',NULL,'E','BALADA LENTA',NULL,NULL);
INSERT INTO "songs" VALUES('lawppskzfr7yvuie',NULL,NULL,'Cántico Nuevo Cantaré A Mi Señor',NULL,'Em','CORRIDO',NULL,NULL);
INSERT INTO "songs" VALUES('vmzs9r6n58bdqsuv',NULL,NULL,'Bendecire Al Señor En Todo Tiempo',NULL,'Em','CORRIDO',NULL,NULL);
INSERT INTO "songs" VALUES('2txr1e8omyvybmc8','Mi Canto Y Fortaleza','Marco Barrientos','Mi Canto Y Fortaleza','Tú Eres Señor','Em','CORRIDO',NULL,NULL);
INSERT INTO "songs" VALUES('5fiq8t7x9fk332m8',NULL,NULL,'A La Presencia De Jehova Tiembla',NULL,'Gm','CORRIDO',NULL,NULL);
INSERT INTO "songs" VALUES('kcfkbf4tfqegrp42','Me Has Mostrado El Camino','Marco Barrientos','Veo Tu Rostro','Gozo En Tu Presencia','Gm','ROCK',NULL,NULL);
INSERT INTO "songs" VALUES('0srbm7qgbnl7cl5l','Para mis soldados tengo','Rubén Sotelo','Para Mis Soldados Tengo','Mírenlo Allí','Dm','BALADA RITMICA',NULL,NULL);
INSERT INTO "songs" VALUES('h4g41xqxu68zgdhq','Canto Danzo Salto','Miel San Marcos','Canto Danzo Salto Para Cristo','Avivamiento 2','Cm','CORRIDO',NULL,NULL);
INSERT INTO "songs" VALUES('3ulmi65wiypyd5q2','Aclamad al señor','Marcos Vidal','La Tierra Esta Llena','Alabanza y adoración en vivo desde España','Fm','POP',NULL,NULL);
INSERT INTO "songs" VALUES('7r4m5nmfu5ppuihw','Soy tuyo siempre','Hillsong United',NULL,'',NULL,NULL,NULL,NULL);
INSERT INTO "songs" VALUES('b987gfu41ucfiq3y','Manda el fuego','Marco Barrientos','Oh Dios de fuego limpiador','Avívanos',NULL,NULL,NULL,NULL);
INSERT INTO "songs" VALUES('otu3snisz2ikgu14','Tu nombre','Miel San Marcos','Precioso, precioso Dios','Proezas',NULL,NULL,NULL,NULL);
INSERT INTO "songs" VALUES('718fq4zq58zl3hku','','','A Aquel Que Es Poderoso','','C','BALADA LENTA',NULL,NULL);
INSERT INTO "songs" VALUES('vwapv5fxbtimvkix','Poderoso','Hillsong','Su amor me alcanzó','Con Todo','C','BALADA LENTA',NULL,NULL);
INSERT INTO "songs" VALUES('diamdplt9dbhjoju','Altísimo Señor','Rubén Sotelo','Fue Algo Así Como Lluvia','Mírenlo Allí','C','BALADA RITMICA',NULL,NULL);
INSERT INTO "songs" VALUES('mh0excempxhn5ryo','2da de Corintios 5:17','Proyecto JES','El que está en Cristo es nueva criatura','Su victoria','G','BALADA RITMICA',NULL,NULL);
INSERT INTO "songs" VALUES('5lodduqxr5szu8wx',NULL,NULL,'Cantemos A Jesus',NULL,'G','BALADA RITMICA',NULL,NULL);
INSERT INTO "songs" VALUES('izejlklfdfp193ak','El Dios que adoramos','Sovereign Grace','El Dios que hizo los cielos y la tierra','',NULL,NULL,NULL,NULL);
INSERT INTO "songs" VALUES('z6f3skh9zlr0c796',NULL,NULL,'Eres Invencible En La Batalla',NULL,'D','BALADA RITMICA',NULL,NULL);
INSERT INTO "songs" VALUES('ulj3vwyiifetglkr',NULL,NULL,'Abre Mis Ojos Quiero Ver A Cristo',NULL,'D','BALADA LENTA',NULL,NULL);
INSERT INTO "songs" VALUES('ilk0t1rzf536pxu6',NULL,NULL,'Ahora Que Estoy En Tu Presencia',NULL,'D','BALADA LENTA',NULL,NULL);
INSERT INTO "songs" VALUES('nh018hpgij4jb2mm','Eres Dios','Miel San Marcos','Bendecire Tu Nombre Oh Dios','Avivamiento 1','D','POP',NULL,NULL);
INSERT INTO "songs" VALUES('dr44kyw8qk0ow09w',NULL,NULL,'Alaba A Dios Adora Su Majestad',NULL,'D','ROCK',NULL,NULL);
INSERT INTO "songs" VALUES('7lungx27bsr3b2d3',NULL,NULL,'Alabamos Tu Nombre Señor',NULL,'D','POP',NULL,NULL);
INSERT INTO "songs" VALUES('kr67xmhfn0i9xb0l','Bendito','Marco Barrientos','Bendito Bendito El Cordero De Dios','Tú Eres Señor','D','BALADA LENTA',NULL,NULL);
INSERT INTO "songs" VALUES('3zrx6faqj5qpl2ra','No Te Tardes','Eduardo Ríos','Aunque Afligido Yo','No Te Tardes',NULL,NULL,NULL,NULL);
INSERT INTO "songs" VALUES('zk2plkqmi9hm6e2e',NULL,NULL,'Alabemos A Dios Con Alegría',NULL,'D','POP',NULL,NULL);
INSERT INTO "songs" VALUES('wykwpuapcjn1qcbu',NULL,NULL,'Aunque En Esta Vida',NULL,'D','VALS',NULL,NULL);
INSERT INTO "songs" VALUES('9d79ztmyawb5kttn',NULL,NULL,'Aquí Estoy Te Ofrezco Todo Lo Que Soy',NULL,'A','BALADA LENTA',NULL,NULL);
INSERT INTO "songs" VALUES('vdfrn2tr6nqizzzt','La Canción Feliz','Ebenezer Honduras','Cantaría sin parar por lo que hiciste en mí','Nuestro Legado','E','CORRIDO',NULL,NULL);
INSERT INTO "songs" VALUES('ra4nx2npzjs1oqqe',NULL,NULL,'Viva La Fe',NULL,'E','CORRIDO',NULL,NULL);
INSERT INTO "songs" VALUES('xio3x9qqmw56o2op',NULL,NULL,'De Tus Misericordias Cantare',NULL,'Em','CORRIDO',NULL,NULL);
INSERT INTO "songs" VALUES('niwnnzdtktt4jbjj','Respiro','Eduardo Ríos','Aunque Yo De Ti Me Separe.','No Te Tardes','Em','BALADA LENTA',NULL,NULL);
INSERT INTO "songs" VALUES('p3k7wyd2cumu94ep',NULL,NULL,'Amarte Solo A Ti Señor',NULL,'Em','APACHE',NULL,NULL);
INSERT INTO "songs" VALUES('vmn7jm39qz8kviqk',NULL,NULL,'Amemonos De Corazon',NULL,'Em','BALADA RITMICA',NULL,NULL);
INSERT INTO "songs" VALUES('13dcdvzo7m7sug64','Cantaré Al Señor Por Siempre','Marco Barrientos','Cantare Al Señor Por Siempre','Tú Eres Señor','Em','CORRIDO',NULL,NULL);
INSERT INTO "songs" VALUES('egaa2dom5df5wv2x',NULL,NULL,'Aplaudid Sus Manos Y Alabad A Dios',NULL,'Em','CORRIDO',NULL,NULL);
INSERT INTO "songs" VALUES('bze0ikoavx37jldj','Con Júbilo Cantamos','Inspiración','Con Jubilo Cantamos Y Ofrecemos Alabanza','Libres Bajo La Unción','Em','CORRIDO',NULL,NULL);
INSERT INTO "songs" VALUES('m8h17scknyc6pgq1',NULL,NULL,'Aunque Ruda La Tormenta',NULL,'Em','APACHE',NULL,NULL);
INSERT INTO "songs" VALUES('q0yfqg1rnz5wkft9',NULL,NULL,'Me Alegrare Hey',NULL,'Em','CORRIDO',NULL,NULL);
INSERT INTO "songs" VALUES('foxaszx7drmzec8d','Majestad','Hillsong United','Aquí Estoy Rendido Por Tu Majestad',NULL,'A#','BALADA LENTA',NULL,NULL);
INSERT INTO "songs" VALUES('fb2ade7zw3kjso62','Resplandeció','En Espíritu Y En Verdad','Vienes Como El Sol',NULL,'Gm','ROCK',2013,NULL);
INSERT INTO "songs" VALUES('l9whswwzb3hhur9e',NULL,NULL,'Al Adorar Se Exaltado Que Al Cantar ',NULL,'C','BALADA LENTA',NULL,NULL);
INSERT INTO "songs" VALUES('7ye852wr2s7a6ad9',NULL,NULL,'Al Que Esta Sentado En El Trono',NULL,'C','BALADA LENTA',NULL,NULL);
INSERT INTO "songs" VALUES('e7mjnkqiiqranoib',NULL,NULL,'Alabad A Nuestro Dios En Su Santuario',NULL,'C','BALADA RITMICA',NULL,NULL);
INSERT INTO "songs" VALUES('2lwp6f2vlx8lt9ga','Tú eres Dios','En Espíritu y en Verdad','Aquí Estoy Vine A Encontrarte','Encuentro','C','POP',NULL,NULL);
INSERT INTO "songs" VALUES('hrufgcldupjv18xm',NULL,NULL,'Alabad Servidores Del Señor',NULL,'C','BALADA RITMICA',NULL,NULL);
INSERT INTO "songs" VALUES('l43fb1sad51lls9i',NULL,NULL,'Al Único Y Sabio Dios',NULL,'F','POP',NULL,NULL);
INSERT INTO "songs" VALUES('ngegxwuhi4s8jesi','Amor Sin Condición','Marco Barrientos','De Tal Manera','Gozo En Tu Presencia','G','ROCK',NULL,NULL);
INSERT INTO "songs" VALUES('pjodveoae97k1d41','Aquí Estoy Señor','Centro Cristiano Peniel','Aquí Estoy Señor Vine A Adorarte Hoy','Para Ti Toda La Gloria','G','BALADA LENTA',NULL,NULL);
INSERT INTO "songs" VALUES('936gbz6qzife1vt1',NULL,NULL,'Venimos Trayendo Alabanza',NULL,'Gm','CORRIDO',NULL,NULL);
INSERT INTO "songs" VALUES('arvass4kvc06bd5f','Conquistaremos Las Naciones','Inspiración','Armados Para La Batalla','Libres Bajo La Unción','Am','CORRIDO',NULL,NULL);
INSERT INTO "songs" VALUES('9fam9labq9p1g637',NULL,NULL,'Al Sonar Las Trompetas',NULL,'Am','CORRIDO',NULL,NULL);
INSERT INTO "songs" VALUES('9sn6z7cbtca0ic18','','Aleluya Gloria Aleluya','Cantad alegres a Dios','','Am','BALADA LENTA',NULL,NULL);
INSERT INTO "songs" VALUES('4me93yz05zpwnf6b','Canta Canta Oh Hija De Sión','Paul Wilbur','Canta Canta Oh Hija De Sion','Shalom Jerusalem','Am','CORRIDO',NULL,NULL);
INSERT INTO "songs" VALUES('u06dh6iujrjum2op','Más Que Vencedor','Juan Carlos Alvarado','Celebra Victorioso','Más Que Vencedor','Am','ROCK',NULL,NULL);
INSERT INTO "songs" VALUES('6ab01dda694loohg',NULL,NULL,'Aleluya Yo Te Alabo Señor',NULL,'Bm','BALADA RITMICA',NULL,NULL);
INSERT INTO "songs" VALUES('fkbk68dwww7rldw6','Pertenezco A Cristo','Marco Barrientos','Cómo León Rugiente','Río Poderoso','Cm','ROCK',NULL,NULL);
INSERT INTO "songs" VALUES('hashsi3hhyeplxd7',NULL,NULL,'Victorioso Guerrero Es Jesús ',NULL,'Cm','CORRIDO',NULL,NULL);
INSERT INTO "songs" VALUES('ts40myppa3pkd8a0',NULL,NULL,'Bendito Sea El Señor Que Oyo Mi Voz',NULL,'D','BALADA LENTA',NULL,NULL);
INSERT INTO "songs" VALUES('i4dir1gpfs42mtpo',NULL,NULL,'Con Gratitud Recuerdo',NULL,'D','BALADA LENTA',NULL,NULL);
INSERT INTO "songs" VALUES('vu0sd5ohz8mrwiwn',NULL,NULL,'Con Mis Manos Hacia El Cielo',NULL,'D','BALADA LENTA',NULL,NULL);
INSERT INTO "songs" VALUES('45qw3zcvw7c98h9e',NULL,NULL,'Con Tu Sangre Nos Has Redimido',NULL,'D','BALADA LENTA',NULL,NULL);
INSERT INTO "songs" VALUES('3lb4s4okrhnut4jf','Perfume A Tus Pies','En Espíritu Y En Verdad','Cuando Pienso En Tu Amor Y Tu Fidelidad','Glorioso Rey',NULL,NULL,NULL,NULL);
INSERT INTO "songs" VALUES('tc1dwa8r10289iiu',NULL,NULL,'Cristo Eres Bello',NULL,'D','BALADA LENTA',NULL,NULL);
INSERT INTO "songs" VALUES('resz9ik5isfewsci',NULL,NULL,'Cristo Eres Mi Dios De Amor',NULL,'D','POP',NULL,NULL);
INSERT INTO "songs" VALUES('a43i4tg35iriqumk','Al rey','Marcos Vidal','Desde Los Montes Hasta El Mar Se Oye Un Canto ','Alabanza y adoración en vivo desde España','D','POP',NULL,NULL);
INSERT INTO "songs" VALUES('tus6fxrky34bb84d',NULL,NULL,'Celebrad A Cristo, Celebrad',NULL,'E','POP',NULL,NULL);
INSERT INTO "songs" VALUES('s0vg84k4ofnw65me',NULL,NULL,'Ciertamente Volveran',NULL,'E','BALADA RITMICA',NULL,NULL);
INSERT INTO "songs" VALUES('dhh0gjnibdv2s78m',NULL,NULL,'Con La Cara Descubierta',NULL,'E','BALADA RITMICA',NULL,NULL);
INSERT INTO "songs" VALUES('jpmtvtu4qrqa2jxc',NULL,NULL,'Con Toda Mi Alma Y Mi Corazón',NULL,'E','POP',NULL,NULL);
INSERT INTO "songs" VALUES('ctm95etw84awbwmf',NULL,NULL,'Con Todo Mi Corazón, Con Toda Mi Alma',NULL,'E','POP',NULL,NULL);
INSERT INTO "songs" VALUES('gb1n4bmezvnd3tqx',NULL,NULL,'Cristo Es Mi Señor El Es La Roca',NULL,'E','ROCK',NULL,NULL);
INSERT INTO "songs" VALUES('gr2lzcf48anxwnpb',NULL,NULL,'Cristo Está Buscando Obreros',NULL,'E','BALADA RITMICA',NULL,NULL);
INSERT INTO "songs" VALUES('tm5b909y0gfmqxlw',NULL,NULL,'Cristo Nombre Mas Alto',NULL,'E','BALADA RITMICA',NULL,NULL);
INSERT INTO "songs" VALUES('vem2skb2dmjxz7tl',NULL,NULL,'Cuan Glorioso Es El Cambio',NULL,'E','CORRIDO',NULL,NULL);
INSERT INTO "songs" VALUES('ac3ag0xcabqw4hz2','Venimos Cantando','Inspiración','Venimos cantando con voces de júbilo','Libres Bajo La Unción','Em','CORRIDO',NULL,NULL);
INSERT INTO "songs" VALUES('fgdyxo2rsijn5te5',NULL,NULL,'Bendito Eres Tú Señor Nuestro Dios',NULL,'Em','CORRIDO LENTO',NULL,NULL);
INSERT INTO "songs" VALUES('lb6cuanh7f20aux3','Tómalo','Hillsong United','De Todo Lugar Los Perdidos Vendrán','Unidos Permanecemos','B','POP',NULL,NULL);
INSERT INTO "songs" VALUES('drv9vt4qke42n603',NULL,NULL,'Bendito Sea El Señor Dios Poderoso',NULL,'C','BALADA LENTA',NULL,NULL);
INSERT INTO "songs" VALUES('khjd32lidbsmmy3l',NULL,NULL,'Cada Vez Mas Violencia',NULL,'C','VALS',NULL,NULL);
INSERT INTO "songs" VALUES('iuwizkesih2kedxr',NULL,NULL,'Cantaré A Jesús De Mi Alma Rey',NULL,'C','VALS',NULL,NULL);
INSERT INTO "songs" VALUES('264dp9vdri239w4b',NULL,NULL,'Confío En Dios',NULL,'C','VALS',NULL,NULL);
INSERT INTO "songs" VALUES('rrnqyeqg1tw07e91',NULL,NULL,'Cantarán De Moisés El Canto',NULL,'F','BALADA LENTA',NULL,NULL);
INSERT INTO "songs" VALUES('8j9z0z7wczqv7ru9','Cristo Eres Rey','Marco Barrientos','Cristo Eres Rey','Sin Reservas','F','POP',NULL,NULL);
INSERT INTO "songs" VALUES('90gqzwpxemivwa9c','Cuánto Te Agradezco','Javier Patiño','Cuanto Te Agradezco','Ante Ti','F','BALADA LENTA',NULL,NULL);
INSERT INTO "songs" VALUES('y47ejzor184msusi',NULL,NULL,'Bendito El Señor',NULL,'G','BALADA RITMICA',NULL,NULL);
INSERT INTO "songs" VALUES('4kzm5cco1dlx6hnh',NULL,NULL,'Cada Dia Con Cristo Me Llena ',NULL,'G','BALADA RITMICA',NULL,NULL);
INSERT INTO "songs" VALUES('0e8x6gbpqsl7j569',NULL,NULL,'Cantare Danzare Me Gozare',NULL,'G','CORRIDO',NULL,NULL);
INSERT INTO "songs" VALUES('5fblvdlgzyyowd45',NULL,NULL,'Como Es Posible Que Yo Viva  Sin Jesús',NULL,'G','CORRIDO',NULL,NULL);
INSERT INTO "songs" VALUES('mf4l12to0j3wuhbq','Cristo Heme Aquí','Marco Barrientos','Cristo Heme Aquí Hoy Me Quiero Entregar','No Puedo Parar De Alabarte','G','BALADA LENTA',NULL,NULL);
INSERT INTO "songs" VALUES('b1pbxhwz3edvd92c',NULL,NULL,'Con Mis Manos Alzadas',NULL,'G','RANCHERA',NULL,NULL);
INSERT INTO "songs" VALUES('8f235fqmtytyicaa',NULL,NULL,'Con Tu Amor Me Has Cambiado',NULL,'G','ROCK',NULL,NULL);
INSERT INTO "songs" VALUES('uwsl0jy6ozh7enci','Delante De Tu Trono','Marco Barrientos','Delante De Tu Trono','Una Vida De Alabanza','G','BALADA RITMICA',NULL,NULL);
INSERT INTO "songs" VALUES('7yal7ppxhzpl0ign',NULL,NULL,'Cristo Te Amo Me Postro Ante Ti',NULL,'G','BALADA LENTA',NULL,NULL);
INSERT INTO "songs" VALUES('jgdaq76e8hhxade3',NULL,NULL,'Cuando Llames Quiero Responder',NULL,'G#m','BALADA LENTA',NULL,NULL);
INSERT INTO "songs" VALUES('viaknzu3vj0gkpwx',NULL,NULL,'Canta Al Señor Cantico Nuevo',NULL,'Em','CORRIDO',NULL,NULL);
INSERT INTO "songs" VALUES('hwoi4ve2kldynts5',NULL,NULL,'Cantare Danzare Y Me Alegrare',NULL,'Em','CORRIDO',NULL,NULL);
INSERT INTO "songs" VALUES('ahegojs0qmnupuic','No Puedo Parar','Marco Barrientos','Cristo Tu Eres Lo De Hoy','No Puedo Parar De Alabarte','Em','POP',NULL,NULL);
INSERT INTO "songs" VALUES('qxserelqj89zgcfr',NULL,NULL,'Con Un Clamor De Gozo',NULL,'Em','CORRIDO',NULL,NULL);
INSERT INTO "songs" VALUES('4ph6wcbtx47lmrtk',NULL,NULL,'Crea En Mi Oh Dios',NULL,'Em','BALADA RITMICA',NULL,NULL);
INSERT INTO "songs" VALUES('9r20lssv23pgtsr7',NULL,NULL,'Cristo Es La Peña De Horeb Que Esta Brontado',NULL,'Em','BALADA LENTA',NULL,NULL);
INSERT INTO "songs" VALUES('2zfw67jkoaav9nj2',NULL,NULL,'Cristo Es Mi Refugio',NULL,'Em','POP',NULL,NULL);
INSERT INTO "songs" VALUES('70masznm2wupnemf',NULL,NULL,'Cuando El Señor Hiciere Volver',NULL,'Em','CORRIDO',NULL,NULL);
INSERT INTO "songs" VALUES('rzqhj6dlhlbmdsu0','Conquistando','Marco Barrientos','Conquistando','Río Poderoso','Dm','POP',NULL,NULL);
INSERT INTO "songs" VALUES('8ylpzis3leo6w821',NULL,NULL,'Con El Pandero Te Alabare',NULL,'Dm','CORRIDO',NULL,NULL);
INSERT INTO "songs" VALUES('4chtbolasu9f8ghh',NULL,NULL,'Cristo Vive',NULL,'Dm','ROCK',NULL,NULL);
INSERT INTO "songs" VALUES('pt60r2j49tufzp5r','Confiad','Marco Barrientos','Confiad Yo Estoy Contigo','No Puedo Parar De Alabarte','Am','POP',NULL,NULL);
INSERT INTO "songs" VALUES('m09hgprkbvusy1yx',NULL,NULL,'Como David Ante El Señor',NULL,'Am','CORRIDO',NULL,NULL);
INSERT INTO "songs" VALUES('1t4mvfb7h2hoi52d',NULL,NULL,'Con Gritos De Júbilo Le Alabaré',NULL,'Am','CORRIDO',NULL,NULL);
INSERT INTO "songs" VALUES('xhqjgqve3gj5m7u0',NULL,NULL,'Con Oleo De Alegria',NULL,'Am','CORRIDO',NULL,NULL);
INSERT INTO "songs" VALUES('vanvsbcvbwl8ou2j',NULL,NULL,'Cristo Eres Señor De Mi Vida',NULL,'Am','POP',NULL,NULL);
INSERT INTO "songs" VALUES('1j4aq7ew1zx7ajzg','Porque El Señor Todopoderoso Reina','Marco Barrientos','Derramando Nuestros Corazones','En Ti','Am','POP',NULL,NULL);
INSERT INTO "songs" VALUES('2onewcrlz1vgn15i','Los Santos','En Espíritu Y En Verdad','Las Voces De Justicia',NULL,'Am','ROCK',NULL,NULL);
INSERT INTO "songs" VALUES('zf6l1yyl8elhry0o',NULL,NULL,'Cuando El Señor Hiciere Volver La Cautividad',NULL,'Am','CORRIDO',NULL,NULL);
INSERT INTO "songs" VALUES('z5z5okto4vjrocj1','Cuando Pienso','Miel San Marcos','Cuando Pienso En Lo Mucho Que Hizo Por Mi','Avivamiento 1','Cm','CORRIDO',2012,NULL);
INSERT INTO "songs" VALUES('f1a00vouh6cihr4x',NULL,NULL,'Cristo Vive',NULL,'F#m','ROCK',NULL,NULL);
INSERT INTO "songs" VALUES('r4qs7ejldrco1gsw',NULL,NULL,'Cuando Al Enemigo Enfrentaron',NULL,'F#m','POP',NULL,NULL);
INSERT INTO "songs" VALUES('rf2lq6omk535ainl',NULL,NULL,'Cuando Veo Tu Creacion Y Tu Hermosura',NULL,'D','BALADA RITMICA',NULL,NULL);
INSERT INTO "songs" VALUES('ryze4hhg6hdh8jq9',NULL,NULL,'De Gloria En Gloria',NULL,'D','BALADA LENTA',NULL,NULL);
INSERT INTO "songs" VALUES('1jwl0uop2gcva63j',NULL,NULL,'Delante De Tu Gloria',NULL,'D','BALADA LENTA',NULL,NULL);
INSERT INTO "songs" VALUES('5c467xne7001kt6m',NULL,NULL,'Dios Esta Aquí',NULL,'D','BALADA LENTA',NULL,NULL);
INSERT INTO "songs" VALUES('qeymgl7ftb5b0qps',NULL,NULL,'El Espiritu De Dios Esta En Este Lugar',NULL,'D','BALADA LENTA',NULL,NULL);
INSERT INTO "songs" VALUES('mp1lxr6b20zj6s9s',NULL,NULL,'El Me Levantará',NULL,'D','BALADA LENTA',NULL,NULL);
INSERT INTO "songs" VALUES('m8p3phwkm9hf6dli','Amén','Eduardo Ríos','El Que Es El Que Era Y El Que Ha De Venir','No Te Tardes',NULL,NULL,2013,NULL);
INSERT INTO "songs" VALUES('zur6zhxmsvz6hnxn',NULL,NULL,'El Señor Es Mi Rey Mi Todo',NULL,'D','BALADA LENTA',NULL,NULL);
INSERT INTO "songs" VALUES('0xqsq6s19ti8a5uu','En Tu Presencia','Paul Wilbur','En Tu Presencia Pertenezco Yo','Shalom Jerusalem','D','BALADA LENTA',NULL,NULL);
INSERT INTO "songs" VALUES('plwgy9luzivvjb7h',NULL,NULL,'En El Nombre De Jesus',NULL,'D','BALADA LENTA',NULL,NULL);
INSERT INTO "songs" VALUES('wkjmz3onfei3znol',NULL,NULL,'El Señor De Los Ejercitos',NULL,'A','POP',NULL,NULL);
INSERT INTO "songs" VALUES('vj7xn5viz75v16x9','Quiero Mirar Tu Hermosura','Marco Barrientos','Dios Me Abro A Ti Me Entregoa Ti','Muestrame Tu Gloria','E','BALADA LENTA',NULL,NULL);
INSERT INTO "songs" VALUES('iyon89jjhi7ecjqk',NULL,NULL,'Dios Cuan Grande Es Tu Amor',NULL,'E','RANCHERA',NULL,NULL);
INSERT INTO "songs" VALUES('68l2sogfp8x81p3o',NULL,NULL,'Dios De Mi Corazon En Ti Encontre',NULL,'B','BALADA LENTA',NULL,NULL);
INSERT INTO "songs" VALUES('38p9m967ytcf6ni3',NULL,NULL,'Cuando Miro Tu Santidad ( Te Adoro A Ti)',NULL,'C','BALADA LENTA',NULL,NULL);
INSERT INTO "songs" VALUES('g82n0b9bdmwiib1o',NULL,NULL,'Cumpleanos Feliz',NULL,'C','BALADA RITMICA',NULL,NULL);
INSERT INTO "songs" VALUES('zdkcytxujvjt9cg1',NULL,NULL,'Da Lo Mejor Al Maestro',NULL,'C','VALS',NULL,NULL);
INSERT INTO "songs" VALUES('36yv7p1wqgh3f31u',NULL,NULL,'Demos Gracias Al Señor',NULL,'C','CORRIDO',NULL,NULL);
INSERT INTO "songs" VALUES('d6ptdv22wl5z6gr0',NULL,NULL,'Derrama Tu Bendición Sobre Mi Pueblo',NULL,'C','BALADA LENTA',NULL,NULL);
INSERT INTO "songs" VALUES('c35p4uqkimuyhfgx','Día Feliz','En Espíritu Y En Verdad','El Dia Mas Grande En La Historia','Tu Reino Aquí','C','ROCK',NULL,NULL);
INSERT INTO "songs" VALUES('2aj8ufb91rbo82t7','Prepara El Camino','Paul Wilbur','El Llegó','León De Judá','C','POP',NULL,NULL);
INSERT INTO "songs" VALUES('wr7xd95zb4s9sffk',NULL,NULL,'Dale Fe Y Esperanza A Mi Pais',NULL,'G','RANCHERA',NULL,NULL);
INSERT INTO "songs" VALUES('u5un2y7imepuj6yt',NULL,NULL,'Derrámate En Mí, Señor,',NULL,'G','BALADA RITMICA',NULL,NULL);
INSERT INTO "songs" VALUES('ros1oy083ht9edk6',NULL,NULL,'Dicen Que Soy Un Soñador',NULL,'G','POP',NULL,NULL);
INSERT INTO "songs" VALUES('1rlfe2gchjmuhu50',NULL,NULL,'Dios Dios Mio Eres Tu',NULL,'G','BALADA RITMICA',NULL,NULL);
INSERT INTO "songs" VALUES('wwrha8lkzypdem05',NULL,NULL,'El Es El Rey De Reyes',NULL,'G','CORRIDO',NULL,NULL);
INSERT INTO "songs" VALUES('ryw4eyhlbaq1xqlk',NULL,NULL,'El Que Habita Al Abrigo',NULL,'G','BALADA LENTA',NULL,NULL);
INSERT INTO "songs" VALUES('8mayy8kakfopbs7o','','Miguel Cassina','En Tu Paz Y En Tu Amor','','G','BALADA LENTA',NULL,NULL);
INSERT INTO "songs" VALUES('xgyqa7jz1shjsfe7',NULL,NULL,'El Señor Te Bendiga',NULL,'G','POP',NULL,NULL);
INSERT INTO "songs" VALUES('qk9fvcs003spuk0v','A Los Pies De La Cruz','Eduardo Ríos','El Señor Es Mi Pastor','No Te Tardes','E','BALADA LENTA',NULL,NULL);
INSERT INTO "songs" VALUES('shg7wwc95dvxt5ja',NULL,NULL,'El Me Hizo Libre',NULL,'E','CORRIDO',NULL,NULL);
INSERT INTO "songs" VALUES('tma7g0uvv42efzhu','Vine A Cristo','Marco Barrientos','En Las Calles Se Oye A Viva Voz','Luz A Las Naciones','E','POP',NULL,NULL);
INSERT INTO "songs" VALUES('x4gxpfw5dxsoubt0','Sólo Cristo','Hillsong United','En Reposo En Silencio','Unidos Permanecemos','E','BALADA LENTA',NULL,NULL);
INSERT INTO "songs" VALUES('ehtyx2prrk36yek9','Libertad','Marco Barrientos','Al Mundo Dios Amo','Luz A Las Naciones','E','POP',NULL,NULL);
INSERT INTO "songs" VALUES('j0rndkzwc1fn9w8s',NULL,NULL,'En Cristo Feliz Es Mi Alma',NULL,'E','VALS',NULL,NULL);
INSERT INTO "songs" VALUES('g1pebbd0vgeayi92',NULL,NULL,'Cuentan De Un Dios Que Hace Maravillas',NULL,'Em','MARCHA',NULL,NULL);
INSERT INTO "songs" VALUES('z8escxf8u6ettzqo','Dios Tiene Ejércitos','Centro Cristiano Peniel','Dios Tiene Ejercitos De Guerreros','Para Ti Toda La Gloria','Em','MARCHA',NULL,NULL);
INSERT INTO "songs" VALUES('7b505g6n6u3lqsr5',NULL,NULL,'Dios Aparecio',NULL,'Em','CORRIDO',NULL,NULL);
INSERT INTO "songs" VALUES('zqaw0m8oe2jkjp85','El Señor Está En Este Lugar','Marco Barrientos','El Señor Esta En Este Lugar','Sin Reservas','Em','POP',NULL,NULL);
INSERT INTO "songs" VALUES('ukgvrgesv8jn9tmn',NULL,NULL,'El Mas Grande De Todos Eres Tú',NULL,'Em','POP',NULL,NULL);
INSERT INTO "songs" VALUES('mq25sigol019i7jd',NULL,NULL,'El Señor Es Varon De Guerra',NULL,'Em','POP',NULL,NULL);
INSERT INTO "songs" VALUES('y8kga38ocwqqrp8g',NULL,NULL,'El Señor Puso En Mi Boca',NULL,'Em','POP',NULL,NULL);
INSERT INTO "songs" VALUES('dhvyaqmeu17krb75',NULL,NULL,'En El Nombre De Jesús',NULL,'Em','ROCK',NULL,NULL);
INSERT INTO "songs" VALUES('0g5q2bm47pyumooh',NULL,NULL,'Dime Dios Dimelo',NULL,'A#','BALADA LENTA',NULL,NULL);
INSERT INTO "songs" VALUES('vlysiwxvt4fbwuqz',NULL,NULL,'El Es Celoso De Mi',NULL,'A#','BALADA LENTA',NULL,NULL);
INSERT INTO "songs" VALUES('oo46kc0d1up4w25l','Libertador','Miguel Cassina','En El Desierto Va Huyendo','Libertador','Dm','POP',NULL,NULL);
INSERT INTO "songs" VALUES('34jkhpvaoxre0uqw',NULL,NULL,'El Leon De La Tribu De Juda Es El Ven',NULL,'Dm','POP',NULL,NULL);
INSERT INTO "songs" VALUES('skvinszcvfpaxwte',NULL,NULL,'David David Danzaba',NULL,'Am','CORRIDO',NULL,NULL);
INSERT INTO "songs" VALUES('6rm6di33ehcf8eu1',NULL,NULL,'Dios Nos Llamó Para Luchar A Su Favor',NULL,'Am','BALADA RITMICA',NULL,NULL);
INSERT INTO "songs" VALUES('8c8ul50mforli1c0',NULL,NULL,'El Camino Al Calvario No Fue En Vano',NULL,'Am','BALADA LENTA',NULL,NULL);
INSERT INTO "songs" VALUES('nksrv574ntinir15',NULL,NULL,'El Dios De Israel Es Poderoso',NULL,'Am','CORRIDO',NULL,NULL);
INSERT INTO "songs" VALUES('0fg226kkcgni33ap',NULL,NULL,'El Es El Poderoso De Israel',NULL,'Am','CORRIDO',NULL,NULL);
INSERT INTO "songs" VALUES('nm4ps1fhtzold1v8',NULL,NULL,'El Lugar De Tu Habitación',NULL,'Am','POP',NULL,NULL);
INSERT INTO "songs" VALUES('c5on7d2ty7t16akc','Santo Y Poderoso','Marco Barrientos','Alabaremos Al Santo De Israel','Sin Reservas','Am','POP',NULL,NULL);
INSERT INTO "songs" VALUES('daec6d37dzwcvwaj','Será Llena La Tierra','Marco Barrientos','Alza Tus Ojos Y Mira','En Ti','Am','POP',NULL,NULL);
INSERT INTO "songs" VALUES('kmnvohzxo5e1r5qw','Grande Y Fuerte','Miel San Marcos','Grande Y Fuerte Es Nuestro Dios','Avivamiento 1','Am','ROCK',NULL,NULL);
INSERT INTO "songs" VALUES('sxpe9fe4l3ln5k4q',NULL,NULL,'El Señor Es Poderoso Guerrero',NULL,'Bm','POP',NULL,NULL);
INSERT INTO "songs" VALUES('gshkgsjk9b6nrgoj',NULL,NULL,'El Señor Marchando Va',NULL,'Bm','APACHE',NULL,NULL);
INSERT INTO "songs" VALUES('et84n70w3trip6pd','Quién es como tú','Marco Barrientos','Dios De Los Ejércitos ','Venga tu reino','Cm','POP',NULL,NULL);
INSERT INTO "songs" VALUES('zpu0rno1l0weg0ap','El Camino Del Señor Es Perfecto','Marco Barrientos','El Camino Del Señor Es Perfecto','No Puedo Parar De Alabarte','Cm','POP',NULL,NULL);
INSERT INTO "songs" VALUES('1dv1rmw380ar35o9',NULL,NULL,'Dios Sea Exaltado',NULL,'F#m','POP',NULL,NULL);
INSERT INTO "songs" VALUES('gcmf4gkswtary0xn',NULL,NULL,'En La Roca Estaré',NULL,'D','BALADA LENTA',NULL,NULL);
INSERT INTO "songs" VALUES('swymp7gl6j6gxcot',NULL,NULL,'Es La Vida De Mi Alma',NULL,'D','BALADA LENTA',NULL,NULL);
INSERT INTO "songs" VALUES('ei5dps2ye5gjuwmv','Poder Y Gloria','Marco Barrientos','Tu Gracia Es Regalo','Aliento Del Cielo','D','POP',NULL,NULL);
INSERT INTO "songs" VALUES('oronmf6boylducy3','Te Alabamos Señor','Marco Barrientos','Hoy Estamos Aquí Adorándote','Es Hora De Adorarle','D','BALADA LENTA',NULL,NULL);
INSERT INTO "songs" VALUES('wps4lfl58y4zoka1',NULL,NULL,'Gracias Cristo',NULL,'D','BALADA LENTA',NULL,NULL);
INSERT INTO "songs" VALUES('fjenfzujzd6nk7ha',NULL,NULL,'En La Cruz ',NULL,'E','BALADA LENTA',NULL,NULL);
INSERT INTO "songs" VALUES('1wix6o9t84fp0xst',NULL,NULL,'Es Señor Es Señor',NULL,'E','BALADA LENTA',NULL,NULL);
INSERT INTO "songs" VALUES('cfejgw8auga4vl1i','Abba Padre','Marco Barrientos','Una Vez Mas Me Acerco A Ti','No Puedo Parar De Alabarte','E','BALADA LENTA',NULL,NULL);
INSERT INTO "songs" VALUES('txjohhddm1dfw037','Música Del Cielo','En Espíritu Y En Verdad','Vamos A Cantar Con La Musica Del Cielo','Amor Asombroso','E','ROCK',NULL,NULL);
INSERT INTO "songs" VALUES('32av0jybcpnznmix','Ven Es Hora De Adorarle','Marco Barrientos','Ven Es Hora De Adorarle','Es Hora De Adorarle','E','POP',NULL,NULL);
INSERT INTO "songs" VALUES('myksmmmbqg8g1e2v','Ven Río Poderoso','Marco Barrientos','Ven Rio Poderoso','Río Poderoso','E','POP',NULL,NULL);
INSERT INTO "songs" VALUES('j5opusvvhud0jnrg','Vengan Y Cantemos','Javier Patiño','Vengan Y Cantemos','Ante Ti','E','POP',NULL,NULL);
INSERT INTO "songs" VALUES('7oqbsk19qxxc09nd','Como Muro De Bronce','Javier Patiño','Como Muro De Bronce','Ante Ti','E','ROCK',NULL,NULL);
INSERT INTO "songs" VALUES('bgyngc6tgktolyj5',NULL,NULL,'Espiritu Consolador',NULL,'E','BALADA LENTA',NULL,NULL);
INSERT INTO "songs" VALUES('21bttqo64o52cwz0',NULL,NULL,'Estar Aquí En Tu Presencia',NULL,'E','BALADA RITMICA',NULL,NULL);
INSERT INTO "songs" VALUES('fraz4h9ggzikn01v',NULL,NULL,'Excelso Dios Tu Amor',NULL,'E','BALADA LENTA',NULL,NULL);
INSERT INTO "songs" VALUES('ga2u40nydixvghwx',NULL,NULL,'En Pastos Verdes',NULL,'Em','BALADA LENTA',NULL,NULL);
INSERT INTO "songs" VALUES('n6ewfs40ael48sak','Gloria Al Rey','Centro Cristiano Peniel','Gloria  Al Rey A Celebrarle  Hemos Venido','Para Ti Toda La Gloria','Em','CORRIDO',NULL,NULL);
INSERT INTO "songs" VALUES('hgnlp99hvcmwku47',NULL,NULL,'Espiritu De Dios',NULL,'Em','BALADA LENTA',NULL,NULL);
INSERT INTO "songs" VALUES('o2zqbb7xmsttv81j',NULL,NULL,'Exaltate Señor Entre Las Naciones',NULL,'B','POP',NULL,NULL);
INSERT INTO "songs" VALUES('e1risgn1abftcjb6','Dios Es Real','Miel San Marcos','Eres El Unico','Dios Es Real','C','POP',NULL,NULL);
INSERT INTO "songs" VALUES('s11nsuzefoaois4w',NULL,NULL,'Esta Luz Esta Luz Brillara',NULL,'C','POP',NULL,NULL);
INSERT INTO "songs" VALUES('oc6d2g9dryqtdj9x',NULL,NULL,'Este Es El Dia Que Hizo El Señor',NULL,'C','CORRIDO',NULL,NULL);
INSERT INTO "songs" VALUES('9e4yrt1o1noq6s2m',NULL,NULL,'Estoy Cantando Alegre',NULL,'C','APACHE',NULL,NULL);
INSERT INTO "songs" VALUES('7n2mhar2vozrtsb8',NULL,NULL,'Feliz Feliz Cumpleaños',NULL,'C','CORRIDO',NULL,NULL);
INSERT INTO "songs" VALUES('5ts6n3yq8qjuctd1',NULL,NULL,'Firmes Y Adelante',NULL,'C','MARCHA',NULL,NULL);
INSERT INTO "songs" VALUES('0851uvkxgik40c3l',NULL,NULL,'Grande Es El Señor Y Digno De Adoración',NULL,'C','BALADA LENTA',NULL,NULL);
INSERT INTO "songs" VALUES('0ne9oyx822uftxix',NULL,NULL,'Es Un Privilegio Señor ',NULL,'F','BALADA RITMICA',NULL,NULL);
INSERT INTO "songs" VALUES('qlfdglxa4zcln3ks','Tus Ojos Son Como Llama De Fuego','Javier Patiño','Tus Ojos Son Como Llama De Fuego','Ante Ti','F','BALADA LENTA',NULL,NULL);
INSERT INTO "songs" VALUES('nbauz1iah5n23ua4','Ven Espíritu Ven','Marco Barrientos','Ven Espíritu Ven Y Lléname Señor','Sin Reservas','F','BALADA LENTA',NULL,NULL);
INSERT INTO "songs" VALUES('skyfczbp30scaxat',NULL,NULL,'Generaciòn No Fue En Vano',NULL,'F','POP',NULL,NULL);
INSERT INTO "songs" VALUES('4ed8r6n8avxb2ed2',NULL,NULL,'En Presencia Estar De Cristo',NULL,'G','VALS',NULL,NULL);
INSERT INTO "songs" VALUES('0y414sxx21bwtq8j',NULL,NULL,'En Ti Esta Mi Vida',NULL,'G','BALADA RITMICA',NULL,NULL);
INSERT INTO "songs" VALUES('eyetwk5gg54301mq',NULL,NULL,'En Tu Presencia, En Tu Presencia',NULL,'G','BALADA LENTA',NULL,NULL);
INSERT INTO "songs" VALUES('8gtceokpelbhgn8p','Búscame','Marco Barrientos','Hay Un Monte Delante','Luz A Las Naciones','G','BALADA LENTA',NULL,NULL);
INSERT INTO "songs" VALUES('lbbivb1fijqt6upg',NULL,NULL,'Es Exaltado',NULL,'G','BALADA RITMICA',NULL,NULL);
INSERT INTO "songs" VALUES('9ieh64gxa665xoge',NULL,NULL,'Es Por Tu Amor',NULL,'G','BALADA LENTA',NULL,NULL);
INSERT INTO "songs" VALUES('f6glgpmuz25uwqla',NULL,NULL,'Estamos De Fiesta Con Jesus',NULL,'G','CORRIDO',NULL,NULL);
INSERT INTO "songs" VALUES('y8b7lnpwmzlgax3i','Veo Amor','En Espíritu Y En Verdad','Ven A Un Maestro','Luz Y Salvación','G#m','ROCK',NULL,NULL);
INSERT INTO "songs" VALUES('cs5yzdp7u8lp6yte',NULL,NULL,'Este Es El Dia De Alabanza Y Restauración',NULL,'Em','CORRIDO',NULL,NULL);
INSERT INTO "songs" VALUES('0ytgroeuzm2duhye',NULL,NULL,'Exaltad A El Señor Nuestro Dios',NULL,'Em','POP',NULL,NULL);
INSERT INTO "songs" VALUES('h15pxd60z54j6o2d',NULL,NULL,'Fue En Antioquía',NULL,'Em','BALADA LENTA',NULL,NULL);
INSERT INTO "songs" VALUES('9jon7pefnv6jaz0d','Sin Reservas','Marco Barrientos','Heme Aquí Señor Envíame','Sin Reservas','Em','BALADA LENTA',NULL,NULL);
INSERT INTO "songs" VALUES('bq108zo9efx5x7n8',NULL,NULL,'Grande Es El Señor Creador Del Universo',NULL,'Em','CORRIDO',NULL,NULL);
INSERT INTO "songs" VALUES('k03nofa5l096t5cr',NULL,NULL,'Entonces La Doncella',NULL,'Gm','CORRIDO',NULL,NULL);
INSERT INTO "songs" VALUES('wzgymkja64pd7pin','Avívanos','Miel San Marcos','Este Es Clamor Es Mi Oracion','Avivamiento 1','Dm','ROCK',NULL,NULL);
INSERT INTO "songs" VALUES('3uu2qv2yiykzhoap','Gloria Y Honor','Marco Barrientos','Gloria Y Honor Demos Al Cordero','En Ti','Dm','POP',NULL,NULL);
INSERT INTO "songs" VALUES('8t7e2yoznv2e0fk5',NULL,NULL,'Es El Leon De La Tribu De Juda',NULL,'Dm','BALADA RITMICA',NULL,NULL);
INSERT INTO "songs" VALUES('jwgm2w11879brc1u',NULL,NULL,'Gozate Delante Del Señor',NULL,'Dm','CORRIDO',NULL,NULL);
INSERT INTO "songs" VALUES('9a1d52vxkhjs89fp','Tu Nombre','Marco Barrientos','Eres Señor De La Creacion','Tú Eres Señor','Am','POP',NULL,NULL);
INSERT INTO "songs" VALUES('sarddv7j4o4xzkf1',NULL,NULL,'Eres Señor Vencedor El Invencible',NULL,'Am','POP',NULL,NULL);
INSERT INTO "songs" VALUES('v88scqyxccm9ftr6','Tu Nombre Es Sobre Todo','Javier Patiño','Tu Nombre Es Sobre Todo','Ante Ti','Am','BALADA LENTA',NULL,NULL);
INSERT INTO "songs" VALUES('hkft74xynjvvxcsc',NULL,NULL,'Este Es Mi Clamor Es Mi Oracion',NULL,'Am','CORRIDO',NULL,NULL);
INSERT INTO "songs" VALUES('gtvbioyj54x586tz',NULL,NULL,'Exaltare Al Señor',NULL,'Am','BALADA RITMICA',NULL,NULL);
INSERT INTO "songs" VALUES('5ftigwbbctrw3fm7',NULL,NULL,'Glorificad Al Señor Porque Su Misericordia',NULL,'Am','APACHE',NULL,NULL);
INSERT INTO "songs" VALUES('dpinfpv7z7ib96kr',NULL,NULL,'Hay Momentos ',NULL,'D','BALADA LENTA',NULL,NULL);
INSERT INTO "songs" VALUES('n6fuh9qg21djfane','De Los Montes','Marco Barrientos','Llenas Nuestro Hogar De Danza','Es Hora De Adorarle','D','POP',NULL,NULL);
INSERT INTO "songs" VALUES('oeh83dw14xxzmvn0',NULL,NULL,'Hava Naguila',NULL,'E','CORRIDO',NULL,NULL);
INSERT INTO "songs" VALUES('c61qc1n7fxa00wgv',NULL,NULL,'Hay Un Canto Nuevo En Mi Ser',NULL,'E','CORRIDO',NULL,NULL);
INSERT INTO "songs" VALUES('kbolwpmkyi0j9h5m','Ven Señor Jesús','Inspiración','La Iglesia Dice Ven','Libres Bajo La Unción','E','BALADA LENTA',NULL,NULL);
INSERT INTO "songs" VALUES('dgioxh9mvt9cxtln','La Razón De Estar Aquí','Miguel Cassina','La Razón De Estar Aquí','Libertador','E','BALADA LENTA',NULL,NULL);
INSERT INTO "songs" VALUES('rltmnq3e9zaj9hk9',NULL,NULL,'La Gente De Nuestro Tiempo',NULL,'E','BALADA RITMICA',NULL,NULL);
INSERT INTO "songs" VALUES('terhxgqcu9ii9siz',NULL,NULL,'La Ley De Jehova Es Perfecta',NULL,'E','BALADA RITMICA',NULL,NULL);
INSERT INTO "songs" VALUES('nhf7u8cxxsc6lx0d','Majestuoso Poderoso','Marco Barrientos','Majestuoso Poderoso','No Hay Nadie Como Tú','E','BALADA LENTA',NULL,NULL);
INSERT INTO "songs" VALUES('ugj153qoelrsi41f','Jesús El Mesías','Inspiración','Jesús El Mesías Nuestro Redentor','Libres Bajo La Unción','Em','ROCK',NULL,NULL);
INSERT INTO "songs" VALUES('lyaei9ioeng49prf','Tú Habitas','Marco Barrientos','Tu Eres Dios Eres Rey','En Ti','Em','BALADA RITMICA',NULL,NULL);
INSERT INTO "songs" VALUES('p6jaj62qpb9frh5s',NULL,NULL,'Hay Un Poder Que Consume',NULL,'Em','CORRIDO',NULL,NULL);
INSERT INTO "songs" VALUES('tkp9l8nz2zuwm1sd',NULL,NULL,'Hine Ma Tov (Mirad Cuan Bueno)',NULL,'Em','CORRIDO',NULL,NULL);
INSERT INTO "songs" VALUES('fjjcshzc5ap1tyjj',NULL,NULL,'Hosanna Al Altisimo',NULL,'Em','CORRIDO',NULL,NULL);
INSERT INTO "songs" VALUES('7r8ccqxyesu565l2',NULL,NULL,'Jehova Es Mi Guerrero',NULL,'Em','CORRIDO',NULL,NULL);
INSERT INTO "songs" VALUES('4lsqfbkc13g4yykv',NULL,NULL,'Jesus Es Mi Luz Y Mi Salvacion',NULL,'Em','POP',NULL,NULL);
INSERT INTO "songs" VALUES('g00lt6loitgpru2e',NULL,NULL,'Junto Al Mar De Galilea',NULL,'Em','BALADA RITMICA',NULL,NULL);
INSERT INTO "songs" VALUES('khj5zzd7gz9kbcug','Los Muros Caen','Marco Barrientos','Los Muros Caen','No Puedo Parar De Alabarte','Em','CORRIDO',NULL,NULL);
INSERT INTO "songs" VALUES('ftg70dzcekufbka5','Up To Jerusalem','Paul Wilbur','Me Alegre Al Poder Oir','Shalom Jerusalem','Em','POP',NULL,NULL);
INSERT INTO "songs" VALUES('wfppa6b4f87d3oky','Me Gozaré','Marco Barrientos','Me Gozare En Tu Presencia','No Hay Nadie Como Tú','Em','CORRIDO',NULL,NULL);
INSERT INTO "songs" VALUES('csqd7tzne07z87vq','Nuestro Dios','Marco Barrientos','Los Cielos Tiemblan Con Tu Voz','Transformados','Gm','ROCK LENTO',2012,NULL);
INSERT INTO "songs" VALUES('cdm4ke6x4m9bx75i',NULL,NULL,'Hare Un Altar Para Ti',NULL,'Dm','CORRIDO',NULL,NULL);
INSERT INTO "songs" VALUES('4acen0zgynu6tyjw',NULL,NULL,'Hay Muchas Formas De Alabar',NULL,'Dm','CORRIDO',NULL,NULL);
INSERT INTO "songs" VALUES('0g8i5owb9pde2i9b',NULL,NULL,'Guiame Señor Yo Anhelo Estar ',NULL,'C','BALADA LENTA',NULL,NULL);
INSERT INTO "songs" VALUES('5f7ey4nis0wckxyi',NULL,NULL,'Hallé Un Buen Amigo',NULL,'C','CORRIDO',NULL,NULL);
INSERT INTO "songs" VALUES('vp7sfc1zaotz7gcc',NULL,NULL,'Jesus Sano Al Ciego Bartimeo',NULL,'C','ROCK ROLL',NULL,NULL);
INSERT INTO "songs" VALUES('1e2vjkz36u32unw8',NULL,NULL,'Los Niños Son De Cristo',NULL,'F','VALS',NULL,NULL);
INSERT INTO "songs" VALUES('4kmi8y1vkm1fx46n',NULL,NULL,'Hay Un Avivamiento',NULL,'G','POP',NULL,NULL);
INSERT INTO "songs" VALUES('oma2j0qbutj0bz1y',NULL,NULL,'Hay Un Lugar De Mucha Paz',NULL,'G','BALADA LENTA',NULL,NULL);
INSERT INTO "songs" VALUES('m0i1clj6n8ky9lsq',NULL,NULL,'Hazme Brillar Señor',NULL,'G','BALADA LENTA',NULL,NULL);
INSERT INTO "songs" VALUES('rpua95w9wtrn0d7n',NULL,NULL,'He Sido Tan Solo Un Soñador',NULL,'G','ROCK LENTO',NULL,NULL);
INSERT INTO "songs" VALUES('t3eherwertkk70vt',NULL,NULL,'Hemos Venido',NULL,'G','POP',NULL,NULL);
INSERT INTO "songs" VALUES('l1ucabwa0qp3xzia',NULL,NULL,'Hosanna Hosanna En Las Alturas',NULL,'G','BALADA RITMICA',NULL,NULL);
INSERT INTO "songs" VALUES('lidryeyn5x14ychx',NULL,NULL,'Hoy He Venido Ante Ti',NULL,'G','BALADA LENTA',NULL,NULL);
INSERT INTO "songs" VALUES('jwtqcmgcjfo4acfr',NULL,NULL,'Jesús Es Mi Rey Soberano',NULL,'G','RANCHERA',NULL,NULL);
INSERT INTO "songs" VALUES('h6cjuz7zfoffd0jy',NULL,NULL,'Las Cadenas Que Me Ataban Rotas Están',NULL,'Dm','POP',NULL,NULL);
INSERT INTO "songs" VALUES('jl22tgz5y604idkg',NULL,NULL,'Los Enemigos De Jehova ',NULL,'Dm','CORRIDO',NULL,NULL);
INSERT INTO "songs" VALUES('m729rmjao83lo1n0',NULL,NULL,'Magnifico Dios',NULL,'Dm','BALADA RITMICA',NULL,NULL);
INSERT INTO "songs" VALUES('kembj866c3lvlm1b',NULL,NULL,'Has Ganado La Victoria',NULL,'Am','POP',NULL,NULL);
INSERT INTO "songs" VALUES('k31asqyx7msjjgch','','','Hashem es varón de guerra','','Am','POP',NULL,NULL);
INSERT INTO "songs" VALUES('ylnk98x0qcgajs3e','El Espíritu De Dios Me Ha Hecho Libre','Inspiración','Libre El Espiritu De Dios Me Ha Hecho Libre','Libres Bajo La Unción','Am','POP',NULL,NULL);
INSERT INTO "songs" VALUES('mkzkqlecf5tro705',NULL,NULL,'Levantate En El Nombre De Cristo',NULL,'Am','POP',NULL,NULL);
INSERT INTO "songs" VALUES('ehpisvtpuq96930b',NULL,NULL,'Levantate Levantate Señor Tus Enemigos',NULL,'Am','POP',NULL,NULL);
INSERT INTO "songs" VALUES('s2oih5t7h93e40nf',NULL,NULL,'Levantate Y Salvame Señor',NULL,'Am','POP',NULL,NULL);
INSERT INTO "songs" VALUES('euh9h9vbpx9taiqd','Mas Gracias Sean Dadas A Dios','Javier Patiño','Mas Gracias Sean Dadas A Dios','Ante Ti','Am','POP',NULL,NULL);
INSERT INTO "songs" VALUES('bro8u3w1gs4lmr1x',NULL,NULL,'Mayor Es El Que Esta Conmigo',NULL,'Am','CORRIDO',NULL,NULL);
INSERT INTO "songs" VALUES('r5thmpopq8nc5qj7',NULL,NULL,'Hacia La Meta Voy',NULL,'Bm','POP',NULL,NULL);
INSERT INTO "songs" VALUES('4ngn7bkyintti6f5','Hosana','Marco Barrientos','Levantamos Un Clamor','Avívanos','Bm','ROCK',NULL,NULL);
INSERT INTO "songs" VALUES('s5vy9p4odz2zr58s',NULL,NULL,'Grita Canta Danza Alegremente',NULL,'Cm','CORRIDO',NULL,NULL);
INSERT INTO "songs" VALUES('a9tzlb70enxqurxe','Agradecido','Miel San Marcos','Me Has Perdonado Me Rescataste','Proezas','Cm','ROCK',NULL,NULL);
INSERT INTO "songs" VALUES('y7u56xhqkdtmx15j','Glorioso Rey','En Espíritu Y En Verdad','La Tierra Tiembla Ante El Amor','Glorioso Rey','F#m','ROCK LENTO',NULL,NULL);
INSERT INTO "songs" VALUES('ua0wbty2qb8p4sds',NULL,NULL,'Hagamos Guerra Espiritual',NULL,'Fm','POP',NULL,NULL);
INSERT INTO "songs" VALUES('n9yjt0nfbgnuuyy8',NULL,NULL,'Me Encuentro En Ti, Alegre Estoy',NULL,'D','BALADA LENTA',NULL,NULL);
INSERT INTO "songs" VALUES('jjtexl3m76z81fjy',NULL,NULL,'Me Has Ungido A Mi',NULL,'D','BALADA RITMICA',NULL,NULL);
INSERT INTO "songs" VALUES('2ktm2bupojv4mzff',NULL,NULL,'Me Quiero Acercar A Tu Lado Estar',NULL,'D','BALADA LENTA',NULL,NULL);
INSERT INTO "songs" VALUES('ryov47rmgal9fw5o',NULL,NULL,'Mi Deseo Ser Como Cristo',NULL,'D','BALADA LENTA',NULL,NULL);
INSERT INTO "songs" VALUES('n9ce5lxkzwct60ut',NULL,NULL,'Mirenlo Allí',NULL,'D','POP',NULL,NULL);
INSERT INTO "songs" VALUES('s3884kg6vekzvz6j',NULL,NULL,'Muchas Veces He Pensado ',NULL,'D','ROCK',NULL,NULL);
INSERT INTO "songs" VALUES('plhse0yi1dm3w5wf',NULL,NULL,'No Basta Solo Con Cantar',NULL,'D','BALADA LENTA',NULL,NULL);
INSERT INTO "songs" VALUES('kx5him1092b1bzgi',NULL,NULL,'No Dare Mi Vida A Nadie Mas',NULL,'D','BALADA RITMICA',NULL,NULL);
INSERT INTO "songs" VALUES('b4tnmxsehgfrgehh',NULL,NULL,'No Es Casualidad Que Yo Te Ame',NULL,'D','BALADA LENTA',NULL,NULL);
INSERT INTO "songs" VALUES('j1u8kcafrql55nla','Para Ti Toda La Gloria','Centro Cristiano Peniel','Por Lo Mucho Que Me Amas','Para Ti Toda La Gloria','D','BALADA RITMICA',NULL,NULL);
INSERT INTO "songs" VALUES('cwsvn1vs4o0n9ra3',NULL,NULL,'No Se Como Pero Tengo Esperanza',NULL,'D','BALADA LENTA',NULL,NULL);
INSERT INTO "songs" VALUES('nbmuj8ldkoh345h6',NULL,NULL,'No Tardes',NULL,'D','BALADA LENTA',NULL,NULL);
INSERT INTO "songs" VALUES('spq6z5a27ohkiup9',NULL,NULL,'Oh Deja Que El Señor Te Envuelva',NULL,'D','BALADA LENTA',NULL,NULL);
INSERT INTO "songs" VALUES('s1crgvgal8bw041f',NULL,NULL,'Oh Señor Yo Nunca Callare',NULL,'D','BALADA LENTA',NULL,NULL);
INSERT INTO "songs" VALUES('prk1364l302xy7o0',NULL,NULL,'Padre Padre Amoroso',NULL,'D','BALADA RITMICA',NULL,NULL);
INSERT INTO "songs" VALUES('l5ycrq1fnqr4sxt1',NULL,NULL,'Muchos Que Viven En Tu Derredor',NULL,'C','RANCHERA',NULL,NULL);
INSERT INTO "songs" VALUES('noxvx3oz9dk4sfuu',NULL,NULL,'Nada En Este Mundo Satisface',NULL,'C','BALADA LENTA',NULL,NULL);
INSERT INTO "songs" VALUES('puqqiq1jh33ij051','Abre Los Cielos Hoy','Vino Nuevo','Padre Quiero Estar En Tu Presencia','Ven Y Llena Esta Casa','C','ROCK',NULL,NULL);
INSERT INTO "songs" VALUES('z6j9mmwvk2udmoqf',NULL,NULL,'No Puedo Estar',NULL,'C','BALADA LENTA',NULL,NULL);
INSERT INTO "songs" VALUES('rux78onofo5b6qw4',NULL,NULL,'Noche De Paz Noche De Amor',NULL,'C','BALADA LENTA',NULL,NULL);
INSERT INTO "songs" VALUES('efm96uh7cfz6qbuu','Bendito Jesús','Danilo Montero','Por Ti Es Mi Clamor Y Sin Ningun Temor','Devoción','C','POP',NULL,NULL);
INSERT INTO "songs" VALUES('e1qmn29gzm8f0694',NULL,NULL,'Mil Gracias Yo Te Doy Señor',NULL,'F','BALADA LENTA',NULL,NULL);
INSERT INTO "songs" VALUES('g0lp2vztatc3szkn','Perdón','Marco Barrientos','Perdón Jesús Perdón','Tú Eres Señor','F','BALADA LENTA',NULL,NULL);
INSERT INTO "songs" VALUES('0lw81iqh0yjego36','Qué Maravilloso','Javier Patiño','Que Maravilloso','Ante Ti','F','BALADA LENTA',NULL,NULL);
INSERT INTO "songs" VALUES('oadco7p07lqcfk7c',NULL,NULL,'Me Has Escogido Un Adorador',NULL,'G','BALADA LENTA',NULL,NULL);
INSERT INTO "songs" VALUES('7bu4bonva8byb8ec','Ni Ojo Vió','Marco Barrientos','Ni Ojo Vio Ni Oido Oyo','Río Poderoso','G','BALADA RITMICA',NULL,NULL);
INSERT INTO "songs" VALUES('01xb1yj3fixo6c1h',NULL,NULL,'Me Hirió El Pecado Fui A Jesús',NULL,'G','BALADA RITMICA',NULL,NULL);
INSERT INTO "songs" VALUES('fri5iqygx4fsypte',NULL,NULL,'Mi Corazón Se Lleno De Alegría',NULL,'G','POP',NULL,NULL);
INSERT INTO "songs" VALUES('u6e04429h8wgvc4z','Nadie Como Tú','Marco Barrientos','No Hay Nadie Como Tu','No Hay Nadie Como Tú','G','BALADA LENTA',NULL,NULL);
INSERT INTO "songs" VALUES('8n1e9v087j1d5s04',NULL,NULL,'Mi Mejor Adoración',NULL,'G','BALADA RITMICA',NULL,NULL);
INSERT INTO "songs" VALUES('tatt4fuzf889bq90',NULL,NULL,'Mi Pensamiento Eres Tu Señor',NULL,'G','BALADA LENTA',NULL,NULL);
INSERT INTO "songs" VALUES('8kcvscc8azgkthmu',NULL,NULL,'Mientras Viva En Este Mundo',NULL,'G','BALADA RITMICA',NULL,NULL);
INSERT INTO "songs" VALUES('an3wpb0okcei6ymk',NULL,NULL,'Mi Alma Esta Acallada Ante Ti',NULL,'E','BALADA LENTA',NULL,NULL);
INSERT INTO "songs" VALUES('ur9sbfgrdj6n71v9',NULL,NULL,'Mi Padre Es Un Rey Muy Rico Sin Par',NULL,'E','RANCHERA',NULL,NULL);
INSERT INTO "songs" VALUES('dlo7fwmd1359tbt5',NULL,NULL,'No Clamarán Las Piedras Mientras Viva',NULL,'E','POP',NULL,NULL);
INSERT INTO "songs" VALUES('nswrp213paay8v0u',NULL,NULL,'No Te Dé Temor Hablar De Cristo',NULL,'E','BALADA RITMICA',NULL,NULL);
INSERT INTO "songs" VALUES('o8rdn8r53yavdxf1',NULL,NULL,'Pecador Ven Al Dulce Jesús',NULL,'E','BALADA RITMICA',NULL,NULL);
INSERT INTO "songs" VALUES('qktu7m5p3f3p5o3l',NULL,NULL,'Me Gozare Me Alegrare',NULL,'Em','CORRIDO',NULL,NULL);
INSERT INTO "songs" VALUES('a2h32va7809uqyph',NULL,NULL,'Mi Corazon Esta Dispuesto',NULL,'Em','CORRIDO',NULL,NULL);
INSERT INTO "songs" VALUES('7tmbwki2jwhqvip7',NULL,NULL,'No A Nosotros Oh Señor',NULL,'Em','CORRIDO',NULL,NULL);
INSERT INTO "songs" VALUES('mqd7ch8y985vm8fm',NULL,NULL,'Oh Oh Oh Oh Oh Hosana',NULL,'Em','CORRIDO',NULL,NULL);
INSERT INTO "songs" VALUES('xxrqedwibg59wema','El Ejército De Dios','Marco Barrientos','Porque Grande Es El Señor','Sin Reservas','Em','CORRIDO',NULL,NULL);
INSERT INTO "songs" VALUES('rr86nl3vu0ux9izm',NULL,NULL,'Pon Aceite En Mi Vida Señor',NULL,'Em','CORRIDO',NULL,NULL);
INSERT INTO "songs" VALUES('1x1meqzoktya4xpl','Grande Es Mi Poderoso Dios','Peregrinos Y Extranjeros','Mi Dios Es Rey El Es El Poderoso','Rompe Mi Corazón','Gm','APACHE',NULL,NULL);
INSERT INTO "songs" VALUES('m1z0i8q1t4nkloiq',NULL,NULL,'Omnipotente Vencedor',NULL,'Gm','POP',NULL,NULL);
INSERT INTO "songs" VALUES('eoct15bysd8xbkoq','Invencible','Marco Barrientos','Plenitud De Gozo Hay En Tu Presencia','Tú Eres Señor','Dm','POP',NULL,NULL);
INSERT INTO "songs" VALUES('mosmku7wkwkju4za','Proclamemos','Marco Barrientos','Proclamemos Con Gozo','No Puedo Parar De Alabarte','Dm','CORRIDO',NULL,NULL);
INSERT INTO "songs" VALUES('lu004t9i36y58gtv','Que Los Cielos Se Abran Hoy','Marco Barrientos','Que Tu Fuego Queme','Viento Más Fuego','Dm','POP',NULL,NULL);
INSERT INTO "songs" VALUES('p23z1n5wnkefcpo3','Eres Mi Escudo','Miel San Marcos','No Hay Nada Que  Me Pueda Separar','Dios Es Real','Am','POP',NULL,NULL);
INSERT INTO "songs" VALUES('gqv69m57rq9i04v6',NULL,NULL,'Ninguno Hay Como Tu',NULL,'Am','POP',NULL,NULL);
INSERT INTO "songs" VALUES('a0247gtihjm8zw23',NULL,NULL,'No Puedo Parar De Alabarle',NULL,'Bm','ROCK',NULL,NULL);
INSERT INTO "songs" VALUES('n61g992ow7h1rjd4',NULL,NULL,'Oh Jah',NULL,'Bm','BALADA RITMICA',NULL,NULL);
INSERT INTO "songs" VALUES('j6jpnw0r6wi6zwyg',NULL,NULL,'Oh Jehova Muchos Son Mis Adversarios',NULL,'Bm','CORRIDO',NULL,NULL);
INSERT INTO "songs" VALUES('lg36bpm4ltworjym',NULL,NULL,'Porque Buscaís Entre Los Muertos',NULL,'Bm','POP',NULL,NULL);
INSERT INTO "songs" VALUES('0wytwe66ft80gkej',NULL,NULL,'Mi Corazòn Rendido Esta',NULL,'A#m','POP',NULL,NULL);
INSERT INTO "songs" VALUES('6cgr1yj7j1r2q5yq','Yo Venceré','Miel San Marcos','No Es Con Ejercito','Avivamiento 2','Cm','CORRIDO',NULL,NULL);
INSERT INTO "songs" VALUES('gg0s19hm8oppoxeu',NULL,NULL,'Poderoso Es Nuestro Dios, Portentoso ',NULL,'Cm','POP',NULL,NULL);
INSERT INTO "songs" VALUES('pvmm4yurme273ia3',NULL,NULL,'Mi Lengua Confesará',NULL,'Cm','CORRIDO',NULL,NULL);
INSERT INTO "songs" VALUES('nff3yjg4oje346k5',NULL,NULL,'Mi Dios Tienes Todo Poder',NULL,'F#m','BALADA LENTA',NULL,NULL);
INSERT INTO "songs" VALUES('kfwrhkwisg1dp54d',NULL,NULL,'Que Si Te Amo',NULL,'D','BALADA LENTA',NULL,NULL);
INSERT INTO "songs" VALUES('fmqld3sl7cos2h81',NULL,NULL,'Queremos Quetu Reino Venga Sobre Nuestras Vidas',NULL,'D','POP',NULL,NULL);
INSERT INTO "songs" VALUES('ikw6rbytzxbm5bqq','Creo En Ti','Julio Melgar','Quiero Levantar A Ti Mis Manos','Creo En Ti','D','BALADA LENTA',2012,NULL);
INSERT INTO "songs" VALUES('vzd3jxdcx5hdfmrh',NULL,NULL,'Quién Nos Separará',NULL,'D','BALADA LENTA',NULL,NULL);
INSERT INTO "songs" VALUES('6ucp4eq7fhhyf2yg',NULL,NULL,'Quiero Cantar Una Linda ',NULL,'D','BALADA RITMICA',NULL,NULL);
INSERT INTO "songs" VALUES('bl2s8l523pluj27w',NULL,NULL,'Quiero Decirte Una Vez Mas',NULL,'D','BALADA LENTA',NULL,NULL);
INSERT INTO "songs" VALUES('l74emb5zmaj7l8uh',NULL,NULL,'Quiero Mas, Quiero Mas, Mas De Tu Espiritu ',NULL,'D','BALADA LENTA',NULL,NULL);
INSERT INTO "songs" VALUES('5a7oyz0q9b6p3ifm',NULL,NULL,'Sana Mi Tierra Señor',NULL,'D','BALADA RITMICA',NULL,NULL);
INSERT INTO "songs" VALUES('kzv34mxhy8q90gdl',NULL,NULL,'Santo Es El Señor',NULL,'D','BALADA LENTA',NULL,NULL);
INSERT INTO "songs" VALUES('5s5l89vzz0nhhklt',NULL,NULL,'Santo Santo Es El Señor Dios De Fuerza Y Poder',NULL,'D','BALADA LENTA',NULL,NULL);
INSERT INTO "songs" VALUES('4gtsf9zdpusj176c',NULL,NULL,'Se Exalta Nuestro Dios',NULL,'D','ROCK',NULL,NULL);
INSERT INTO "songs" VALUES('nmt374jtvbc763k9',NULL,NULL,'Señor Señor Jesus',NULL,'D','BALADA LENTA',NULL,NULL);
INSERT INTO "songs" VALUES('2jh0ozupza3620ja','En Tu Luz','En Espíritu Y En Verdad','Tan Consumidos En Tu Amor','Glorioso Rey','D','POP',NULL,NULL);
INSERT INTO "songs" VALUES('2l4y0kc5xwp9ab9g',NULL,NULL,'Solo Tu Eres Santo',NULL,'D','BALADA LENTA',NULL,NULL);
INSERT INTO "songs" VALUES('ipzg2awmzxn01prp','Rey De Gloria','Marco Barrientos','Quién Es El Rey De Gloria','Venga Tu Reino','E','POP',NULL,NULL);
INSERT INTO "songs" VALUES('tsde72g2m1fcir3i','¿Quién Podrá Llenar?','Marco Barrientos','Quién Podrá Llenar Mi Alma Como Tú','Aliento Del Cielo','C','BALADA LENTA',NULL,NULL);
INSERT INTO "songs" VALUES('dgpce6co70s67cve','Dame De Beber','Marco Barrientos','Quiero Estar En Tu Presencia','Más De Ti','C','BALADA LENTA',NULL,NULL);
INSERT INTO "songs" VALUES('r01y9azq4pa0wi8e',NULL,NULL,'Quiero Bendecir Tu Nombre',NULL,'C','BALADA LENTA',NULL,NULL);
INSERT INTO "songs" VALUES('xayj66wujonr3l50','Bendíceme','Eduardo Ríos','Si Me Dieras Bendicion ','No Te Tardes','C','BALADA LENTA',NULL,NULL);
INSERT INTO "songs" VALUES('nw72dav5t1w1o61r',NULL,NULL,'Santo Cordero De Gloria',NULL,'C','BALADA RITMICA',NULL,NULL);
INSERT INTO "songs" VALUES('txrakwdjt4xqly3m',NULL,NULL,'Santo Santo Eres Dios',NULL,'C','BALADA LENTA',NULL,NULL);
INSERT INTO "songs" VALUES('8xzoe13l7iqsukbu',NULL,NULL,'Santo Santo Es El Señor',NULL,'C','BALADA LENTA',NULL,NULL);
INSERT INTO "songs" VALUES('max9rrutipbqzjfk','Glorifícate','Miel San Marcos','Rey De Gloria Yo Me Rindo','Avivamiento 1','F','BALADA LENTA',NULL,NULL);
INSERT INTO "songs" VALUES('8hi4ch2srqbe4vfi',NULL,NULL,'Quiero Bendecirte',NULL,'F','POP',NULL,NULL);
INSERT INTO "songs" VALUES('8kxifsqlrtpwps4t',NULL,NULL,'Reinos Surgiran Y Terminaran',NULL,'F','POP',NULL,NULL);
INSERT INTO "songs" VALUES('wdlbk6jrvq7hi1y9',NULL,NULL,'Porque De El Y Por El Y Para El',NULL,'G','BALADA LENTA',NULL,NULL);
INSERT INTO "songs" VALUES('67oxcll23htmwdpg',NULL,NULL,'Porque Tu Eres El Gozo De Mi Corazón',NULL,'G','POP',NULL,NULL);
INSERT INTO "songs" VALUES('iwn49zelnazf9sb1',NULL,NULL,'Principe De Paz',NULL,'G','BALADA LENTA',NULL,NULL);
INSERT INTO "songs" VALUES('39930mhynju46l71',NULL,NULL,'Puedes Creer Lo Que Dios Ha Hecho En Mi',NULL,'G','CORRIDO',NULL,NULL);
INSERT INTO "songs" VALUES('uczfpppckpi256ft',NULL,NULL,'Quien Es Jesus Para Nosotros',NULL,'G','BALADA RITMICA',NULL,NULL);
INSERT INTO "songs" VALUES('eb3lrlinoq8v5hi3',NULL,NULL,'Quiero Alabarte Mas Y Mas',NULL,'G','BALADA RITMICA',NULL,NULL);
INSERT INTO "songs" VALUES('uu98ebrm22xg8kbb',NULL,NULL,'Quiero Entrar A Tu Lugar Santísimo',NULL,'G','BALADA LENTA',NULL,NULL);
INSERT INTO "songs" VALUES('e13war37rlvlanpa','A Cada Instante','Marco Barrientos','Señor Yo Quiero Construir','No Puedo Parar De Alabarte','G','BALADA LENTA',NULL,NULL);
INSERT INTO "songs" VALUES('a6i3gjbbkkx7ix0r',NULL,NULL,'Regocijate Y Canta',NULL,'G','POP',NULL,NULL);
INSERT INTO "songs" VALUES('08swrdm7zjmf7ear',NULL,NULL,'Que Significa Ese Rumor',NULL,'E','CORRIDO',NULL,NULL);
INSERT INTO "songs" VALUES('vfwe6mj25hdekhc8',NULL,NULL,'Quiero Llenar Tu Trono De Alabanza',NULL,'E','BALADA LENTA',NULL,NULL);
INSERT INTO "songs" VALUES('d5z8u25hh3mril9l',NULL,NULL,'Recibe Toda La Gloria',NULL,'E','POP',NULL,NULL);
INSERT INTO "songs" VALUES('sqhtgszdi5rk8jry',NULL,NULL,'Señor Tu Eres Digno',NULL,'E','BALADA LENTA',NULL,NULL);
INSERT INTO "songs" VALUES('1m351jd7liy2posr',NULL,NULL,'Señor Tu Me Llamas Por Mi Nombre',NULL,'E','BALADA LENTA',NULL,NULL);
INSERT INTO "songs" VALUES('6o7xqefi4dplq8s6',NULL,NULL,'Señor Yo Quiero Entrar',NULL,'E','BALADA RITMICA',NULL,NULL);
INSERT INTO "songs" VALUES('md2si141xzfdh1rs',NULL,NULL,'Sobre Los Cielos Y La Tierra',NULL,'E','ROCK',NULL,NULL);
INSERT INTO "songs" VALUES('hp2ddydmqdsqh3de',NULL,NULL,'Sólo Hay Un Deseo En Mi Corazón',NULL,'E','BALADA RITMICA',NULL,NULL);
INSERT INTO "songs" VALUES('jovt6qzobgt3yfbu',NULL,NULL,'Que Todos Los Pueblos Te Alaben',NULL,'Em','POP',NULL,NULL);
INSERT INTO "songs" VALUES('okrf614kudwdqs4b',NULL,NULL,'Quién Como Tú Señor',NULL,'Em','BALADA LENTA',NULL,NULL);
INSERT INTO "songs" VALUES('662w3yywd61xr8l9',NULL,NULL,'Regocijate Sion',NULL,'Em','CORRIDO',NULL,NULL);
INSERT INTO "songs" VALUES('gnt7astqsbetgkvm',NULL,NULL,'Rey De Gloria',NULL,'Em','POP',NULL,NULL);
INSERT INTO "songs" VALUES('tyharwitns2ya0lj',NULL,NULL,'Rey De Reyes Señor De Señores',NULL,'Em','POP',NULL,NULL);
INSERT INTO "songs" VALUES('oaje7w5w5yzfsph1',NULL,NULL,'Señor Llevame A Tus Atrios',NULL,'Em','BALADA LENTA',NULL,NULL);
INSERT INTO "songs" VALUES('6tolpag1m4w52kpq',NULL,NULL,'Si Los Vientos Azotan',NULL,'Em','RANCHERA',NULL,NULL);
INSERT INTO "songs" VALUES('gfi3pu2bt73jphdu','Tú Eres Señor','Marco Barrientos','Te Despojaste Y Te Hiciste','Tú Eres Señor','Em','POP',NULL,NULL);
INSERT INTO "songs" VALUES('fhc916217jtlci1h',NULL,NULL,'Somos El Ejercito De Dios',NULL,'Em','ROCK',NULL,NULL);
INSERT INTO "songs" VALUES('i8j1byrv4n7yazjl',NULL,NULL,'Quiero Decirte Que Te Amo',NULL,'Dm','BALADA LENTA',NULL,NULL);
INSERT INTO "songs" VALUES('dcp32gupbb7hqph2',NULL,NULL,'Se Han Abierto Los Cielos',NULL,'Dm','POP',NULL,NULL);
INSERT INTO "songs" VALUES('ofetfwlohow2zo1u','Te Alabaré','Marco Barrientos','Te Alabare Roca Eterna','Tú Eres Señor','Dm','CORRIDO',NULL,NULL);
INSERT INTO "songs" VALUES('orlpl91167im2gzj','Quién Como El Señor','Paul Wilbur','Quien Como El Señor No Hay Nadie','Shalom Jerusalem','Am','POP',NULL,NULL);
INSERT INTO "songs" VALUES('fslohsxqx6jodes9',NULL,NULL,'Quién Como Él',NULL,'Am','BALADA LENTA',NULL,NULL);
INSERT INTO "songs" VALUES('ebguakd954zvto7n',NULL,NULL,'Resplandece',NULL,'Am','BALADA RITMICA',NULL,NULL);
INSERT INTO "songs" VALUES('z2s9c32sxjvl304k',NULL,NULL,'Señor Venimos Ante Ti',NULL,'Am','ROCK',NULL,NULL);
INSERT INTO "songs" VALUES('r91f8snfcahstvzc',NULL,NULL,'Recibe Toda La Gloria',NULL,'Bm','BALADA LENTA',NULL,NULL);
INSERT INTO "songs" VALUES('tgg7a6k102dgctti',NULL,NULL,'Resucitó Resucitó Resucitó',NULL,'Bm','ROCK LENTO',NULL,NULL);
INSERT INTO "songs" VALUES('qhbuncmmeaehwwx2',NULL,NULL,'Que Resuenen En Sion Trompetas',NULL,'Cm','POP',NULL,NULL);
INSERT INTO "songs" VALUES('hd7n52aiz3um96zj',NULL,NULL,'Señor Jesus Nos Mostraste La Verdad',NULL,'F#m','POP',NULL,NULL);
INSERT INTO "songs" VALUES('luk4s2euyfqfhbyn','Del Cielo','Marco Barrientos','Si Me Amas','Viento Más Fuego','Fm','ROCK',NULL,NULL);
INSERT INTO "songs" VALUES('cqlfxyn2p90u7ecj',NULL,NULL,'Sopla Cristo Sopla',NULL,'D','BALADA LENTA',NULL,NULL);
INSERT INTO "songs" VALUES('0cgrmqcuii7auge4',NULL,NULL,'Soy Deudor De Ti Señor',NULL,'D','BALADA LENTA',NULL,NULL);
INSERT INTO "songs" VALUES('tpl7ek0f4ggbgrob',NULL,NULL,'Supremo Nombre',NULL,'D','ROCK',NULL,NULL);
INSERT INTO "songs" VALUES('v3dujyaet0nny99w',NULL,NULL,'Te Adoro Oh Dios Te Adoro Oh Dios Exaltado (Veo Al Señor)',NULL,'D','BALADA LENTA',NULL,NULL);
INSERT INTO "songs" VALUES('3tkrrx6p3mktkisn',NULL,NULL,'Te Amo Te Amo',NULL,'D','BALADA LENTA',NULL,NULL);
INSERT INTO "songs" VALUES('16u5pxlsabe40nuw',NULL,NULL,'Te Invitamos Oh Cristo',NULL,'D','BALADA LENTA',NULL,NULL);
INSERT INTO "songs" VALUES('pqd1kw1d16meiyoc',NULL,NULL,'Tocame Señor Con Tu Espíritu',NULL,'D','BALADA RITMICA',NULL,NULL);
INSERT INTO "songs" VALUES('4wyu00jzlwv2zka4','Generación Que Danza','En Espíritu Y En Verdad','Tu Amor Me Enseña A Danzar','Glorioso Rey','D','ROCK',NULL,NULL);
INSERT INTO "songs" VALUES('pgrq8irac9dyq8vj',NULL,NULL,'Todo Mi Ser',NULL,'D','BALADA LENTA',NULL,NULL);
INSERT INTO "songs" VALUES('lyyd03tb4yhkg2va',NULL,NULL,'Tomado De La Mano Con El Yo Voy',NULL,'D','BALADA RITMICA',NULL,NULL);
INSERT INTO "songs" VALUES('xvbprt8fuaqyo2fb',NULL,NULL,'Tu Fidelidad Es Grande',NULL,'D','BALADA LENTA',NULL,NULL);
INSERT INTO "songs" VALUES('xd17vgdiyw7rwq9v',NULL,NULL,'Tu Nombre Oh Dios Es Puro Y Santo',NULL,'D','BALADA LENTA',NULL,NULL);
INSERT INTO "songs" VALUES('ybihpyz8ajg5ighe',NULL,NULL,'Tu Victorioso Salvador (Soy Sano)',NULL,'D','POP',NULL,NULL);
INSERT INTO "songs" VALUES('q3s7yi5figd23coz','Manda lluvia','Marco Barrientos','Vengo Ante Ti Con El Corazón Rendido A Tus',NULL,'D','BALADA RITMICA',NULL,NULL);
INSERT INTO "songs" VALUES('gnjih11j0d4wn4v2',NULL,NULL,'Vengo Hoy A Postrarme',NULL,'D','BALADA LENTA',NULL,NULL);
INSERT INTO "songs" VALUES('o2nlzizeasxqzkgm','Hermoso Jesús','En Espíritu Y En Verdad','Tu Amor Oh Dios','Amor Asombroso','A','BALADA LENTA',NULL,NULL);
INSERT INTO "songs" VALUES('imqsnfd63xvioncg',NULL,NULL,'Soy Una Nueva Creatura',NULL,'E','BALADA RITMICA',NULL,NULL);
INSERT INTO "songs" VALUES('ydazy5q5hyc8fee5','Te Entrego Hoy','Marco Barrientos','Te Entrego Oh Señor','No Hay Nadie Como Tú','E','BALADA LENTA',NULL,NULL);
INSERT INTO "songs" VALUES('0yypjhekzrsnrvbf','Toda La Gloria','Marco Barrientos','Toda La Gloria Toda La Honra','Más De Ti','E','POP',NULL,NULL);
INSERT INTO "songs" VALUES('rpanbxijkn75ftbm',NULL,NULL,'Te Alabo Mi Señor  Te Alabo',NULL,'E','BALADA LENTA',NULL,NULL);
INSERT INTO "songs" VALUES('hu7bv7nlznv2j19q',NULL,NULL,'Tiernas Canciones Alzad Al Señor',NULL,'E','BALADA RITMICA',NULL,NULL);
INSERT INTO "songs" VALUES('2gxbpuxckrqlqx6p',NULL,NULL,'Unidos Unidos En Tu Nombre Unidos',NULL,'E','BALADA RITMICA',NULL,NULL);
INSERT INTO "songs" VALUES('c7wni8jtvmkmilqb',NULL,NULL,'Tu  Gracia Me Sostiene',NULL,'B','BALADA LENTA',NULL,NULL);
INSERT INTO "songs" VALUES('4pnb4t7bbbbzscme',NULL,NULL,'Te Alabo Jesucristo',NULL,'C','POP',NULL,NULL);
INSERT INTO "songs" VALUES('7xxu23ya4806welw',NULL,NULL,'Tú Dejaste Tu Trono Y Corona Por Mí',NULL,'C','BALADA RITMICA',NULL,NULL);
INSERT INTO "songs" VALUES('vjarvz0q5tmxw007',NULL,NULL,'Tu Poder Siento En Mi',NULL,'C','BALADA RITMICA',NULL,NULL);
INSERT INTO "songs" VALUES('64p8i87sma2x6jki',NULL,NULL,'Tu Trono Es Alto Y Sublime',NULL,'C','BALADA RITMICA',NULL,NULL);
INSERT INTO "songs" VALUES('u8m5spuyioip10i9',NULL,NULL,'Vengo Ante Ti Postrado',NULL,'C','BALADA LENTA',NULL,NULL);
INSERT INTO "songs" VALUES('d1kn9daevntzf7iz',NULL,NULL,'Vengo En Oración',NULL,'C','BALADA LENTA',NULL,NULL);
INSERT INTO "songs" VALUES('z3izo9ggr8ncsyzd',NULL,NULL,'Vine A Adorar A Dios',NULL,'C','BALADA LENTA',NULL,NULL);
INSERT INTO "songs" VALUES('7wlr044mkgz7zwv7',NULL,NULL,'Toma Mi Corazón Es Tuyo',NULL,'F','BALADA RITMICA',NULL,NULL);
INSERT INTO "songs" VALUES('qyc3h8huor9uboql',NULL,NULL,'Vengo A Ti Señor En Adoracion',NULL,'F','BALADA LENTA',NULL,NULL);
INSERT INTO "songs" VALUES('sl59gy68ya87cyot',NULL,NULL,'Somos Un Cuerpo En Cristo',NULL,'G','POP',NULL,NULL);
INSERT INTO "songs" VALUES('vwt4bn4w3nsyne59',NULL,NULL,'Sómos Un Solo Pueblo',NULL,'G','POP',NULL,NULL);
INSERT INTO "songs" VALUES('26c84voq0zd7c6hr',NULL,NULL,'Soy Feliz Dios Me Levanto',NULL,'G','CORRIDO',NULL,NULL);
INSERT INTO "songs" VALUES('fn0d8g8ynakcdzik','Cuánto Te Anhelo','Inspiración','Tocando Tu Manto Besando Tus Pies','Congregacional Vol. 1','G','BALADA LENTA',NULL,NULL);
INSERT INTO "songs" VALUES('vdg8hd0sg53lx6bz',NULL,NULL,'Te Loamos Oh Dios',NULL,'G','MARCHA',NULL,NULL);
INSERT INTO "songs" VALUES('99yba1r6e3vv3lr1',NULL,NULL,'Te Veo En Tu Trono De Justicia',NULL,'G','BALADA LENTA',NULL,NULL);
INSERT INTO "songs" VALUES('breye08a21c6g3ve',NULL,NULL,'Toda La Tierra Te Adorara',NULL,'G','BALADA RITMICA',NULL,NULL);
INSERT INTO "songs" VALUES('mamqmfoh3229icp3',NULL,NULL,'Ven Espíritu Santo Ven',NULL,'E','BALADA RITMICA',NULL,NULL);
INSERT INTO "songs" VALUES('e7gl6fdch3fgs0u2',NULL,NULL,'Ven Espíritu Santo Ven Lléname De Poder',NULL,'E','BALADA RITMICA',NULL,NULL);
INSERT INTO "songs" VALUES('64f6snvfgj6cxls0',NULL,NULL,'Venimos Ante Ti Señor Con Corazones',NULL,'E','BALADA RITMICA',NULL,NULL);
INSERT INTO "songs" VALUES('zp5qf6bi59y9ps05',NULL,NULL,'Torre Fuerte Es El Nombre',NULL,'Em','POP',NULL,NULL);
INSERT INTO "songs" VALUES('7w95reh6lgaddcng',NULL,NULL,'Tu Eres Dios El Heroe ',NULL,'Em','POP',NULL,NULL);
INSERT INTO "songs" VALUES('dsjl07r6wylfa203',NULL,NULL,'Tu Eres Mi Respirar',NULL,'A#','BALADA LENTA',NULL,NULL);
INSERT INTO "songs" VALUES('gcbewlmzn6okcrwg','A El Alto Y Sublime','Gadiel Espinoza','A El Alto Y Sublime','Al Que Vive','A#','BALADA LENTA',2012,NULL);
INSERT INTO "songs" VALUES('umk1gzkwllz01tlh',NULL,NULL,'Tu Eres Santo',NULL,'Dm','BALADA LENTA',NULL,NULL);
INSERT INTO "songs" VALUES('0sdfc220nr4noecc',NULL,NULL,'Un Hombre Cojo Postrado Clamó',NULL,'Dm','ROCK',NULL,NULL);
INSERT INTO "songs" VALUES('6w7v5q446lk2rnou',NULL,NULL,'Un Hombre Hace Siglos Que Dejó',NULL,'Dm','POP',NULL,NULL);
INSERT INTO "songs" VALUES('s0gti4pay15r5xl7',NULL,NULL,'Somos Uno En El Espíritu',NULL,'Am','FUNK LENTO',NULL,NULL);
INSERT INTO "songs" VALUES('cnoofc8oyud2ti9l',NULL,NULL,'Su Nombre De Guerra Es Jehova',NULL,'Am','CORRIDO',NULL,NULL);
INSERT INTO "songs" VALUES('5zi11mdmdxiv0tdf',NULL,NULL,'Toda Rodilla Se Doblara Ante Él Es Jesucristo Rey Por Siempre',NULL,'Am','POP',NULL,NULL);
INSERT INTO "songs" VALUES('hrpvg0nbkfu5ahr8',NULL,NULL,'Tu Eres El Alfa Y La Omega',NULL,'Am','POP',NULL,NULL);
INSERT INTO "songs" VALUES('jm3nkrlg1irb1va9',NULL,NULL,'Tu Nombre Levantar Tu Grandeza Exaltar',NULL,'Am','POP',NULL,NULL);
INSERT INTO "songs" VALUES('fgt81mbyox8o2gm0',NULL,NULL,'Todo Lo Puedo En Cristo Mi Señor',NULL,'Bm','POP',NULL,NULL);
INSERT INTO "songs" VALUES('4k799unvhdoug3rn',NULL,NULL,'Sucedió Un Domingo Hermoso',NULL,'Cm','POP',NULL,NULL);
INSERT INTO "songs" VALUES('kbg1hu121ypep564',NULL,NULL,'Subamos Al Monte Y Lleguemos',NULL,'Cm','CORRIDO',NULL,NULL);
INSERT INTO "songs" VALUES('ab98fkzgkec82g09','A Él Sea La Gloria','Marco Barrientos','Todo Es De Mi Cristo','Aliento Del Cielo','F#m','BALADA LENTA',NULL,NULL);
INSERT INTO "songs" VALUES('h28noahb1ss6rhxl',NULL,NULL,'Vuelve Oh Vuelve',NULL,'D','BALADA RITMICA',NULL,NULL);
INSERT INTO "songs" VALUES('akhn0ydcaqdbdf0k',NULL,NULL,'Yo Quiero Ser Como Tu',NULL,'D','BALADA LENTA',NULL,NULL);
INSERT INTO "songs" VALUES('y0tktguv4mc65hbz',NULL,NULL,'Yo Se Que Estas Aquí',NULL,'D','BALADA LENTA',NULL,NULL);
INSERT INTO "songs" VALUES('jav2m2j4isaijx4j','Adorad Al Cordero Santo','Marco Barrientos','Adorad Al Cordero Santo','Río Poderoso','D','BALADA RITMICA',NULL,NULL);
INSERT INTO "songs" VALUES('406z9jqmbaj0yjot',NULL,NULL,'Vengo a tu presencia mi Señor con acción de alabanza',NULL,'D','BALADA LENTA',NULL,NULL);
INSERT INTO "songs" VALUES('wtsqpptf3aqecmy8','Eres Escudo','Marcos Vidal','Tu Señor Eres Escudo',NULL,'D','POP',NULL,NULL);
INSERT INTO "songs" VALUES('hhtlh1wvkpn2myn9',NULL,NULL,'Yo Te Alabo Padre',NULL,'E','POP',NULL,NULL);
INSERT INTO "songs" VALUES('ltj8l7ymoywyl1xo','','Nueva vida en Jesús','Al Contemplar Tu Grandeza Oh Dios','','A','BALADA RITMICA',NULL,NULL);
INSERT INTO "songs" VALUES('uvt5a8k4yzbziesz','Es Tiempo','Hillsong United','Amor Inexplicable','Unidos Permanecemos','A','ROCK',NULL,NULL);
INSERT INTO "songs" VALUES('ojapygy3gzll3wbe','A tus pies','Marco Barrientos','Ante Ti Doblo Mis Rodillas','Venga tu reino','A','BALADA LENTA',NULL,NULL);
INSERT INTO "songs" VALUES('9rtll2mgdjiwok7c','A Cristo Solo A Cristo','Marcos Witt','A Cristo Solo A Cristo','Proyecto Aa','A','BALADA LENTA',NULL,NULL);
INSERT INTO "songs" VALUES('niuurbs0y4la3svk',NULL,NULL,'Busca La Senda De La Vida',NULL,'A','ROCK',NULL,NULL);
INSERT INTO "songs" VALUES('gcgkmiq7kwwhhq4m',NULL,NULL,'Como El Sol Resplandece',NULL,'A','POP',NULL,NULL);
INSERT INTO "songs" VALUES('1czyzoohjhdwvjzd',NULL,NULL,'Como Puedo Expresar',NULL,'A','BALADA LENTA',NULL,NULL);
INSERT INTO "songs" VALUES('j456giw9me4a9x09',NULL,NULL,'Con Los Brazos Abiertos',NULL,'A','BALADA RITMICA',NULL,NULL);
INSERT INTO "songs" VALUES('nb8jpi0lll2ty86r','Digno','Miguel Cassina','Digno Digno Digno Eres Tu','Tu Amor','A','BLUES',NULL,NULL);
INSERT INTO "songs" VALUES('f5vtmxr9jl0g2ag6',NULL,NULL,'Entrare A Tu Presencia Oh Dios',NULL,'A','ROCK',NULL,NULL);
INSERT INTO "songs" VALUES('wrtd7pstpwwgjk0r',NULL,NULL,'Dias Son Estos De Elias',NULL,'A','POP',NULL,NULL);
INSERT INTO "songs" VALUES('o3ezezgedjffi0ni',NULL,NULL,'Digno Digno Digno Eres Tú Oh Señor',NULL,'A','POP',NULL,NULL);
INSERT INTO "songs" VALUES('8qvrcltu6dwv2k2b',NULL,NULL,'Digno Eres De Gloria Y Alabanza',NULL,'A','BALADA LENTA',NULL,NULL);
INSERT INTO "songs" VALUES('o55beo01j0u8slw8',NULL,NULL,'Dios Manda Lluvia',NULL,'A','BALADA LENTA',NULL,NULL);
INSERT INTO "songs" VALUES('h85ettrf4kwcnni1','En Este Momento','Centro Cristiano Peniel','En Este Momento Entre Tu Y Yo','Para Ti Toda La Gloria','A','BALADA LENTA',NULL,NULL);
INSERT INTO "songs" VALUES('icw07lor16jf5gcw',NULL,'Palabra en Acción','Entra En La Presencia Del Señor','','A','BALADA LENTA',NULL,NULL);
INSERT INTO "songs" VALUES('d2f8d8q6zw0kle4x',NULL,NULL,'El Siempre Esta',NULL,'A','BALADA RITMICA',NULL,NULL);
INSERT INTO "songs" VALUES('7bgfx63jbp8luhk5',NULL,NULL,'En Las Olas Inmensas',NULL,'A','CORRIDO',NULL,NULL);
INSERT INTO "songs" VALUES('whmty2k0vl820d1o',NULL,NULL,'En Medio De La Congregacion',NULL,'A','POP',NULL,NULL);
INSERT INTO "songs" VALUES('43xhd1me74rj3za9',NULL,NULL,'En Tu Presencia Oh Dios',NULL,'A','BALADA LENTA',NULL,NULL);
INSERT INTO "songs" VALUES('harq2jyznydsnyi4',NULL,NULL,'Eres Tesoro Especial De Dios',NULL,'A','POP',NULL,NULL);
INSERT INTO "songs" VALUES('2l44dumjqsogwfeo','Aquí Estoy','Hillsong United','Tú Eres El Principio','Unidos Permanecemos','A','BALADA LENTA',NULL,NULL);
INSERT INTO "songs" VALUES('tw1psspfg2vp2ron',NULL,NULL,'Fuerte Dios',NULL,'A','BALADA LENTA',NULL,NULL);
INSERT INTO "songs" VALUES('scd0vjlarzjrtlrk',NULL,NULL,'Gracias Por La Cruz',NULL,'A','BALADA LENTA',NULL,NULL);
INSERT INTO "songs" VALUES('y7jf0doq89flxvkq',NULL,NULL,'Hay Una Fuente En Mi',NULL,'A','BALADA LENTA',NULL,NULL);
INSERT INTO "songs" VALUES('ukxknsssn4c6l1f8',NULL,NULL,'Las Aves Ya No Cantan',NULL,'A','BALADA RITMICA',NULL,NULL);
INSERT INTO "songs" VALUES('2ncpsvfvqpmba1r1',NULL,NULL,'Los Cielos La Tierra',NULL,'A','POP',NULL,NULL);
INSERT INTO "songs" VALUES('klp0f7rbz3nkfs6x','Clame Al Señor','Marco Barrientos','Mi Cristo Te Canto','Río Poderoso','A','BALADA LENTA',NULL,NULL);
INSERT INTO "songs" VALUES('wrersr395yd0lm1m',NULL,NULL,'Mi Cristo Hermoso Cristo',NULL,'A','BALADA LENTA',NULL,NULL);
INSERT INTO "songs" VALUES('fxmhcxhmn3gy0y2e',NULL,NULL,'Mi Señor Es El Gran Rey De Reyes',NULL,'A','ROCK',NULL,NULL);
INSERT INTO "songs" VALUES('ii23xo8bs6wv7tl4',NULL,NULL,'Necesito Señor Que Tu Espíritu Santo',NULL,'A','BALADA LENTA',NULL,NULL);
INSERT INTO "songs" VALUES('vody8k5blsfy65l0','Te Coronamos','Marco Barrientos','No Hay Nadie Como Tú Señor','Muestrame Tu Gloria','A','ROCK',NULL,NULL);
INSERT INTO "songs" VALUES('j0xp4mafmm6o46zb',NULL,NULL,'No Fue El Oro O La Plata',NULL,'A','BALADA LENTA',NULL,NULL);
INSERT INTO "songs" VALUES('119s7chevt2s6zcv','Quién','Javier Patiño','Quién Que Me Ame Cómo Tú Señor','Ante Ti','A','BALADA RITMICA',NULL,NULL);
INSERT INTO "songs" VALUES('abtvqf0ljn3irvff','Brilla En Mí','Marco Barrientos','Quiero Ser Luz A Las Naciones','Luz A Las Naciones','A','BALADA LENTA',NULL,NULL);
INSERT INTO "songs" VALUES('m2jxr4hprlf5ngmi',NULL,NULL,'Quiero Levantar Mis Manos',NULL,'A','BALADA LENTA',NULL,NULL);
INSERT INTO "songs" VALUES('5wblt8yzgj71a6vv',NULL,NULL,'Señor Eres Fiel Y Tu Misericordia Por ',NULL,'A','POP',NULL,NULL);
INSERT INTO "songs" VALUES('gqlojaixfipylve8',NULL,NULL,'Señor Mi Dios Al Contemplar Los Cielos',NULL,'A','VALS',NULL,NULL);
INSERT INTO "songs" VALUES('zgo0w3qtlxp19ccv',NULL,NULL,'Siento Tu Preciosa Presencia',NULL,'A','BALADA RITMICA',NULL,NULL);
INSERT INTO "songs" VALUES('h88a0s9whktxwie8',NULL,NULL,'Solo Tu Eres Santo',NULL,'A','BALADA LENTA',NULL,NULL);
INSERT INTO "songs" VALUES('nkchj0mu1bk5fqhg',NULL,NULL,'Somos De Dios',NULL,'A','BALADA LENTA',NULL,NULL);
INSERT INTO "songs" VALUES('rzuyxbo7lsb5rrn0',NULL,NULL,'Te Doy Gracias',NULL,'A','BALADA LENTA',NULL,NULL);
INSERT INTO "songs" VALUES('8fm6rfp29hl9emxi','Sólo Dios Puede Salvar','En Espíritu Y En Verdad','Todos Necesitan','Luz Y Salvación','A','BALADA LENTA',NULL,NULL);
INSERT INTO "songs" VALUES('8q98w51xqyz8jwe7',NULL,NULL,'Tenemos Todo Como Perdido Por Ti',NULL,'A','POP',NULL,NULL);
INSERT INTO "songs" VALUES('h9y4zg0a41c38c14',NULL,NULL,'Todo A Cristo Yo Me Rindo',NULL,'A','VALS',NULL,NULL);
INSERT INTO "songs" VALUES('qaxvw5hcf1n3s473',NULL,NULL,'Tu Eres Digno Tu Eres Digno',NULL,'A','BALADA LENTA',NULL,NULL);
INSERT INTO "songs" VALUES('hns0mht0jwx8wg4n',NULL,NULL,'Yo Quisiera Hablarte Del Amor De Cristo',NULL,'C','VALS',NULL,NULL);
INSERT INTO "songs" VALUES('czwusxk8yl2igd5j',NULL,NULL,'Yo Quiero Vivir Para Cristo',NULL,'F','POP',NULL,NULL);
INSERT INTO "songs" VALUES('tit2tkud4ygyp6ru','','Palabra en acción','Tuya Es La Alabanza','Adoración','F','BALADA LENTA',NULL,NULL);
INSERT INTO "songs" VALUES('57l0zkum5m6wun6q',NULL,NULL,'Y Si Vivimos Para El Vivimos',NULL,'G','BALADA LENTA',NULL,NULL);
INSERT INTO "songs" VALUES('3pgm0jtgzmj7pvs1',NULL,NULL,'Y Venga Lo Que Venga',NULL,'G','BALADA LENTA',NULL,NULL);
INSERT INTO "songs" VALUES('xusjus4ajmf14l90','Muestrame Tu Gloria','Marco Barrientos','Abre Mis Ojos Oh Cristo','Muestrame Tu Gloria','E','POP',NULL,NULL);
INSERT INTO "songs" VALUES('ouid13ygcoxxqkol',NULL,NULL,'Yo Celebrare',NULL,'Em','CORRIDO',NULL,NULL);
INSERT INTO "songs" VALUES('kqcvcje9slcejyqn',NULL,NULL,'Yo Entro Al Lugar Más Santo',NULL,'Em','BALADA LENTA',NULL,NULL);
INSERT INTO "songs" VALUES('rc62smj7r6ee51ux',NULL,NULL,'Yo Te Adoro Señor',NULL,'Em','CORRIDO',NULL,NULL);
INSERT INTO "songs" VALUES('ngboq8jyq7hkqk8d',NULL,NULL,'Yo Te He Amado Con Amor',NULL,'Em','CORRIDO',NULL,NULL);
INSERT INTO "songs" VALUES('th5h1qyhjznyo0cw',NULL,NULL,'Yo Tengo Gozo Porque En El Tengo La Vida ',NULL,'Em','CORRIDO',NULL,NULL);
INSERT INTO "songs" VALUES('x2v5yqu0sb8ffnbl',NULL,NULL,'Ya Ha Llegado El Momento ',NULL,'A#','CORRIDO',NULL,NULL);
INSERT INTO "songs" VALUES('uq4qo132wz1cbvlc',NULL,'Ron Kenoly','Alaben Dios Esta Aquí',NULL,'A#','POP',NULL,NULL);
INSERT INTO "songs" VALUES('1dfl3qbao1xpbley',NULL,NULL,'Yo He Cuidado Tus Pasos Con Celo',NULL,'Gm','BALADA RITMICA',NULL,NULL);
INSERT INTO "songs" VALUES('nxptbifa04inep84',NULL,NULL,'Voz De Gran Multitud',NULL,'Dm','POP',NULL,NULL);
INSERT INTO "songs" VALUES('h81xk9bpkn4lxufr',NULL,NULL,'Yo Confieso',NULL,'Dm','POP',NULL,NULL);
INSERT INTO "songs" VALUES('cqhqibrn0kll97jp',NULL,NULL,'Yo Fui Extraño',NULL,'G#','BALADA LENTA',NULL,NULL);
INSERT INTO "songs" VALUES('yzvml862yqoysmqe',NULL,NULL,'Y Cantan El Cantico De Moisés',NULL,'Cm','CUMBIA',NULL,NULL);
INSERT INTO "songs" VALUES('8nqmf06uu8gtp30t',NULL,NULL,'Tu Eres Mi Gozo',NULL,'A','ROCK',NULL,NULL);
INSERT INTO "songs" VALUES('nhfakl2nzugkciz1',NULL,NULL,'Vivo En Un Mundo Gobernado',NULL,'A','ROCK LENTO',NULL,NULL);
INSERT INTO "songs" VALUES('v45a18ohptzjxnqo',NULL,NULL,'Yo Se Que Cristo Vendra A Su Santos Lo Prometio',NULL,'A','POP',NULL,NULL);
INSERT INTO "songs" VALUES('mqx7khrifkppu9ni','Al que está sentado en el trono','Marcos Brunet','Quiero conocerte cada día más a ti','Uniendo cielo y tierra','B','BALADA LENTA',NULL,NULL);
INSERT INTO "songs" VALUES('b7o09d8uup6ahy24',NULL,NULL,'Aleluya  Hosana',NULL,'C','BALADA RITMICA',NULL,NULL);
INSERT INTO "songs" VALUES('aaqj2fp19qdzq4aw',NULL,NULL,'Veo A Cristo',NULL,'C','BALADA LENTA',NULL,NULL);
INSERT INTO "songs" VALUES('flcboqvm7kn0v0ck',NULL,NULL,'Como Tierra Seca',NULL,'C','BALADA LENTA',NULL,NULL);
INSERT INTO "songs" VALUES('p167b9q30urhegf1',NULL,NULL,'Creo En Ti',NULL,'C','BALADA RITMICA',NULL,NULL);
INSERT INTO "songs" VALUES('6co6a1zd6o4f12iq',NULL,NULL,'Creo En Ti Creo En Todo ',NULL,'C','BALADA LENTA',NULL,NULL);
INSERT INTO "songs" VALUES('ddnw7xww8midn9ss',NULL,NULL,'Cristo No Esta Muerto',NULL,'C','CORRIDO',NULL,NULL);
INSERT INTO "songs" VALUES('2k4791mmvyr9r7to',NULL,NULL,'Cristo Te Amo',NULL,'C','BALADA RITMICA',NULL,NULL);
INSERT INTO "songs" VALUES('r5ovkkajt0a1xxr1','Te doy gloria','En Espíritu Y En Verdad','Cuan hermoso eres Jesus','Luz y Salvación','C','POP',NULL,NULL);
INSERT INTO "songs" VALUES('7mio22izr55frp95',NULL,NULL,'Cuan Grande Es Nuestro Dios',NULL,'C','BALADA LENTA',NULL,NULL);
INSERT INTO "songs" VALUES('h426q2a24wwmw0nq',NULL,NULL,'Jesús Sanó Al Ciego Bartimeo',NULL,'C','CORRIDO',NULL,NULL);
INSERT INTO "songs" VALUES('z1osdd72606gk49k',NULL,NULL,'Libre Tu Me Hiciste Libre',NULL,'C','CORRIDO',NULL,NULL);
INSERT INTO "songs" VALUES('4jkz6rjooumbgmwv',NULL,NULL,'Llename De Ti',NULL,'C','BALADA LENTA',NULL,NULL);
INSERT INTO "songs" VALUES('7uevo565gfmqegie','Soberano','Hillsong United','Manos Que Fueron Clavadas Por Mi','Unidos Permanecemos','C','BALADA LENTA',NULL,NULL);
INSERT INTO "songs" VALUES('fbylzssrag9aub9i',NULL,NULL,'Majestuoso Dios',NULL,'C','BALADA LENTA',NULL,NULL);
INSERT INTO "songs" VALUES('vp22k3lfa7tahjfp','Nada Es Imposible','Marco Barrientos','Por Ti Todo Lo Puedo','Ilumina','C','ROCK',2013,NULL);
INSERT INTO "songs" VALUES('g4k3xe57eyr2rdmc',NULL,NULL,'Por El Mundo Brilla Luz',NULL,'C','CORRIDO',NULL,NULL);
INSERT INTO "songs" VALUES('h7nocgxm3qosb49t',NULL,NULL,'Sea La Paz En Tu Corazón',NULL,'C','BALADA RITMICA',NULL,NULL);
INSERT INTO "songs" VALUES('jy4dc3v7y93c66et',NULL,NULL,'Señor Pequeño Soy',NULL,'C','BALADA RITMICA',NULL,NULL);
INSERT INTO "songs" VALUES('9uznq99scrhn9cdy',NULL,NULL,'Yo Soy El Alfa Y La Omega, El Principio Y El Fin, El Primero',NULL,'C','BALADA LENTA',NULL,NULL);
INSERT INTO "songs" VALUES('q01yzilcv7y5j6py','Aquel Que Nos Amo','Danilo Montero','A Aquel Que Nos Amo, Testigo Fiel','','G','POP',NULL,NULL);
INSERT INTO "songs" VALUES('076t1vro9gcjvgxc',NULL,NULL,'A Quién Adoraré Señor',NULL,'G','BALADA LENTA',NULL,NULL);
INSERT INTO "songs" VALUES('2ojztdi46r7jk20q',NULL,NULL,'A Ti Atribuimos La Gloria',NULL,'G','BALADA LENTA',NULL,NULL);
INSERT INTO "songs" VALUES('a9ptbjxjs325wvve',NULL,NULL,'A Ti Dare Adoracion',NULL,'G','BALADA LENTA',NULL,NULL);
INSERT INTO "songs" VALUES('zo7nok5r1uiyxs1o',NULL,NULL,'Abba Padre Con Confianza Yo Me Puedo ',NULL,'G','BALADA LENTA',2012,NULL);
INSERT INTO "songs" VALUES('2ldg9etuo7zyx6iq',NULL,NULL,'Al Cordero Gloria',NULL,'G','BALADA RITMICA',NULL,NULL);
INSERT INTO "songs" VALUES('1r80cjfyd4m1cyrq',NULL,NULL,'Alabare  Alabare',NULL,'G','CORRIDO',NULL,NULL);
INSERT INTO "songs" VALUES('hojrl15d8ebrv6w2','Blessed','Hillsong','Benditos Los Que Moran En Tí','Blessed','G','BALADA LENTA',NULL,NULL);
INSERT INTO "songs" VALUES('9v33olhrvkpl1el2',NULL,NULL,'Alla En El Monte Horeb',NULL,'G','CORRIDO',NULL,NULL);
INSERT INTO "songs" VALUES('skihwhyrv2n2supz',NULL,NULL,'Amen Amen Amen',NULL,'G','CORRIDO',NULL,NULL);
INSERT INTO "songs" VALUES('fzvi9d92qud19lo8',NULL,NULL,'Ando Con Cristo En Sombras O En Luz',NULL,'G','BALADA RITMICA',NULL,NULL);
INSERT INTO "songs" VALUES('bbkop3f1e15lvf2j',NULL,NULL,'Aquí Estamos Con La Espada',NULL,'G','BALADA RITMICA',NULL,NULL);
INSERT INTO "songs" VALUES('50mvngnnfk12gyxc',NULL,NULL,'Aquí Estoy En Tu Presencia',NULL,'G','BALADA LENTA',NULL,NULL);
INSERT INTO "songs" VALUES('xcqnap5v93h9zqef',NULL,NULL,'Aquí Estoy En Tu Santo Lugar',NULL,'G','BALADA LENTA',NULL,NULL);
INSERT INTO "songs" VALUES('tgbv2ydujlv9vj79','Venimos Ante Ti','Marco Barrientos','Venimos Ante Ti Señor Para Adorarte','No Puedo Parar De Alabarte','G','BALADA RITMICA',NULL,NULL);
INSERT INTO "songs" VALUES('8pcgrdondyf0h5j9',NULL,NULL,'Victoria La Victoria Mía Es',NULL,'G','CORRIDO',NULL,NULL);
INSERT INTO "songs" VALUES('qxb8ysel79c9tk2f','Con Júbilo Y Adoración','Javier Patiño','Con Júbilo Y Adoración','Ante Ti','G','POP',NULL,NULL);
INSERT INTO "songs" VALUES('3wqp37myzvdm1pwt',NULL,NULL,'Cristo Te Exalto Cristo Te Adoro',NULL,'G','BALADA LENTA',NULL,NULL);
INSERT INTO "songs" VALUES('23iaytanwvz0f2dw',NULL,NULL,'Cristo Te Exalto Te Proclamo Mi Rey',NULL,'G','BALADA LENTA',NULL,NULL);
INSERT INTO "songs" VALUES('ob009yspoe6gvdgq',NULL,NULL,'Cristo Yo Te Amo',NULL,'G','BALADA LENTA',NULL,NULL);
INSERT INTO "songs" VALUES('lhf4cf3mgi8v34tv',NULL,NULL,'Cuan Amables Son Tus Moradas',NULL,'G','BALADA LENTA',NULL,NULL);
INSERT INTO "songs" VALUES('aoog7t1mjid9zf08',NULL,NULL,'Cuando Alla Se Pase Lista',NULL,'G','CORRIDO',NULL,NULL);
INSERT INTO "songs" VALUES('o9piru11wxrdt136',NULL,NULL,'Cuando Cristo Venga En Gloria',NULL,'G','CORRIDO',NULL,NULL);
INSERT INTO "songs" VALUES('vpdhkewkoy7c6cri',NULL,NULL,'Cuando Escuchas En El Noticiero',NULL,'G','ROCK LENTO',NULL,NULL);
INSERT INTO "songs" VALUES('fkeqmr9v255b5m27','Hacedor De Maravillas','Eduardo Ríos','Enseñame Oh Dios Tu Camino','No Te Tardes','G','POP',NULL,NULL);
INSERT INTO "songs" VALUES('hfexxngkj6nwwwja',NULL,NULL,'En El Monte Calvario',NULL,'G','VALS',NULL,NULL);
INSERT INTO "songs" VALUES('v71guref9nvoot5k',NULL,NULL,'Somos Familia',NULL,'G','BALADA RITMICA',NULL,NULL);
INSERT INTO "songs" VALUES('7c3saz3pfbgdvroo','El Poder De Tu Amor','Paul Wilbur','Vengo A Ti Señor','Más De Ti','G','BALADA LENTA',NULL,NULL);
INSERT INTO "songs" VALUES('23w2qpb1tae4t3ao','Al Que Nos Amó','Javier Patiño','Al Que Nos Amó','Ante Ti','G','POP',NULL,NULL);
INSERT INTO "songs" VALUES('avfon1bcmb5eq2t3',NULL,NULL,'Estaba Pensando En Tus Bendiciones',NULL,'G','BALADA LENTA',NULL,NULL);
INSERT INTO "songs" VALUES('pzg1jckavnie0gen','Aliento Del Cielo','Marco Barrientos','Haz Llover Señor','Aliento Del Cielo','G','BALADA RITMICA',NULL,NULL);
INSERT INTO "songs" VALUES('fc5bqg4uvtcvxhfl',NULL,NULL,'Este Es El Dia Este Es El Día',NULL,'G','CORRIDO',NULL,NULL);
INSERT INTO "songs" VALUES('l8e0t4vayteafwgm',NULL,NULL,'Estoy En Los Atrios De Tu Casa',NULL,'G','BALADA RITMICA',NULL,NULL);
INSERT INTO "songs" VALUES('7uwpoc4e4hhnemzi',NULL,NULL,'Exaltemos A Cristo',NULL,'G','POP',NULL,NULL);
INSERT INTO "songs" VALUES('fru51bgv8jllpn2m',NULL,NULL,'Gloria A Ti Jesús Divino',NULL,'G','CORRIDO',NULL,NULL);
INSERT INTO "songs" VALUES('e0atf5otryqtxdiv',NULL,NULL,'Gloria Al Rey Rey Santo Y Justo',NULL,'G','BALADA RITMICA',NULL,NULL);
INSERT INTO "songs" VALUES('0zg7lrmqslb6mum2',NULL,NULL,'Gloria Y Honor A Cristo El Señor',NULL,'G','BALADA LENTA',NULL,NULL);
INSERT INTO "songs" VALUES('obi6p3nms93oaemd',NULL,NULL,'Gracias Señor Tu Eres Mi Fortaleza',NULL,'G','ROCK',NULL,NULL);
INSERT INTO "songs" VALUES('6f3udfvn9y19uner',NULL,NULL,'Grande Gozo Hay En Mi Alma',NULL,'G','CORRIDO',NULL,NULL);
INSERT INTO "songs" VALUES('f2yy7n7ja61778s4',NULL,NULL,'Jesús Es Precioso Mi Buen Salvador',NULL,'G','BALADA RITMICA',NULL,NULL);
INSERT INTO "songs" VALUES('zctbj5d0z2022mi5',NULL,NULL,'Junto A La Cruz Do Jesús',NULL,'G','BALADA RITMICA',NULL,NULL);
INSERT INTO "songs" VALUES('zvr42ciyifg7iheb','Levantaré Hoy','Paul Wilbur','Levantaré Hoy','Shalom Jerusalem','G','POP',NULL,NULL);
INSERT INTO "songs" VALUES('a6qpfdz7qtjg8kzr',NULL,NULL,'La Senda Ancha Dejaré',NULL,'G','BALADA RITMICA',NULL,NULL);
INSERT INTO "songs" VALUES('csa4oriidv61w46x',NULL,NULL,'No Encuentro Gloria En Mis Caminos',NULL,'G','BALADA RITMICA',NULL,NULL);
INSERT INTO "songs" VALUES('efd5ltl9kh5p892j',NULL,NULL,'La Vida Es Cual Barco',NULL,'G','BALADA RITMICA',NULL,NULL);
INSERT INTO "songs" VALUES('8pry4ihvr11h0ary','Yo Soy Libre','Inspiración','Libre Yo Soy Libre','Libres Bajo La Unción','G','CORRIDO',NULL,NULL);
INSERT INTO "songs" VALUES('mjii0qwja00clsb8',NULL,NULL,'Libre Soy Consumado Es',NULL,'G','BALADA RITMICA',NULL,NULL);
INSERT INTO "songs" VALUES('fuqr5q4mn1hn5irq',NULL,NULL,'Llego Ante Tus Pies',NULL,'G','BALADA LENTA',NULL,NULL);
INSERT INTO "songs" VALUES('rfd29qdko552f637',NULL,NULL,'Llego Ante Tus Pies Señor',NULL,'G','BALADA LENTA',NULL,NULL);
INSERT INTO "songs" VALUES('wjxqgf1d9hfodhro',NULL,NULL,'Los Hijos De Sion Se Gozan En Su Rey',NULL,'G','CORRIDO',NULL,NULL);
INSERT INTO "songs" VALUES('qisr8k9cub0pxbhm',NULL,NULL,'Luchando Estáis Aun Suena La',NULL,'G','BALADA RITMICA',NULL,NULL);
INSERT INTO "songs" VALUES('6mlmm8u0yj35fa3e',NULL,NULL,'Maestro Se Encrespan Las Aguas',NULL,'G','RANCHERA',NULL,NULL);
INSERT INTO "songs" VALUES('xh5yctn08g8irzgw',NULL,NULL,'Majestad',NULL,'G','BALADA RITMICA',NULL,NULL);
INSERT INTO "songs" VALUES('ucay8pj1ij784j8c',NULL,NULL,'Mayor Que Reyes',NULL,'G','BALADA LENTA',NULL,NULL);
INSERT INTO "songs" VALUES('1xuzrbwxlmvmmy8b',NULL,NULL,'Mira Lo Que Ha Hecho Dios',NULL,'G','CORRIDO',NULL,NULL);
INSERT INTO "songs" VALUES('a8jiootl64m1r5jp',NULL,NULL,'Nada Me Podra Apartar Del Amor',NULL,'G','BALADA RITMICA',NULL,NULL);
INSERT INTO "songs" VALUES('p4e1vjh9ztjmechw',NULL,NULL,'No Es Posible Callar',NULL,'G','BALADA LENTA',NULL,NULL);
INSERT INTO "songs" VALUES('1fb7p6yqulv02vfr',NULL,NULL,'No Se A Que Has Venido Tu',NULL,'G','ROCK',NULL,NULL);
INSERT INTO "songs" VALUES('y1nvfx8xi8yosxgw',NULL,NULL,'Oh Bondad Tan Infinita',NULL,'G','CORRIDO',NULL,NULL);
INSERT INTO "songs" VALUES('pnyk5es73xj8npbv',NULL,NULL,'Oigo Decir',NULL,'G','CORRIDO',NULL,NULL);
INSERT INTO "songs" VALUES('nlvk634hufid7pkq',NULL,NULL,'Para Mi El Vivir Es Cristo',NULL,'G','BALADA LENTA',NULL,NULL);
INSERT INTO "songs" VALUES('ku17cxyxj3616kl2','Oh Señor','Marcos Vidal','Oh Señor Cuán Innumerables','Alabanza y adoración en vivo desde España','G','POP',NULL,NULL);
INSERT INTO "songs" VALUES('3t2cu7m72verpxa7',NULL,NULL,'Santo Santo Grande Eterno Dios',NULL,'G','CORRIDO',NULL,NULL);
INSERT INTO "songs" VALUES('kibmftjvmk9xuabe',NULL,NULL,'Se Dice Que El Tesoro',NULL,'G','BALADA LENTA',NULL,NULL);
INSERT INTO "songs" VALUES('4j07e06k0orv671v',NULL,NULL,'Si En Verdad Eres Salvo',NULL,'G','CORRIDO',NULL,NULL);
INSERT INTO "songs" VALUES('nmo4piiyvg934mgd',NULL,NULL,'Solamente Una Palabra',NULL,'G','BALADA RITMICA',NULL,NULL);
INSERT INTO "songs" VALUES('yrwglpwnqcdtpqn3',NULL,NULL,'Todos Deben De Saber',NULL,'G','CORRIDO',NULL,NULL);
INSERT INTO "songs" VALUES('c9p62bmymgjthc9h',NULL,NULL,'Toma Mi Vida En Alabanza Señor Jesús',NULL,'G','ROCK',NULL,NULL);
INSERT INTO "songs" VALUES('yzl2oxelyctxa5ir',NULL,NULL,'Torre Fuerte Es Tu Nombre Oh Dios',NULL,'G','APACHE',NULL,NULL);
INSERT INTO "songs" VALUES('abj4ewwb6j39zx1v',NULL,NULL,'Tu Eres Dios Tu Eres Mi Rey',NULL,'G','BALADA RITMICA',NULL,NULL);
INSERT INTO "songs" VALUES('vao1evrz58tzfsaj',NULL,NULL,'Tu Has Cambiado Mi Lamento',NULL,'G','POP',NULL,NULL);
INSERT INTO "songs" VALUES('yk3pgnlc7ukiqg48',NULL,NULL,'Tu Mano Me Sostiene',NULL,'G','ROCK',NULL,NULL);
INSERT INTO "songs" VALUES('clcds4r0r5at2ba4',NULL,NULL,'Tu Misericordia Es Mejor Que La Vida',NULL,'G','CORRIDO',NULL,NULL);
INSERT INTO "songs" VALUES('yguquor4l37qswds',NULL,NULL,'Tu Nombre Levantare',NULL,'G','BALADA LENTA',NULL,NULL);
INSERT INTO "songs" VALUES('5c7kotzz8dh5tg75',NULL,NULL,'Tu Nombre Sobre Todo',NULL,'G','BALADA LENTA',NULL,NULL);
INSERT INTO "songs" VALUES('l64d9hffdqdbt110',NULL,NULL,'Unid Los Cantos',NULL,'G','CORRIDO',NULL,NULL);
INSERT INTO "songs" VALUES('xprr3zlfyxn2v4de',NULL,NULL,'Vamos Todos Juntos A Alabar',NULL,'G','ROCK',NULL,NULL);
INSERT INTO "songs" VALUES('ly40c2srd0icknrk',NULL,NULL,'Ven Santo Espiritu Consolador',NULL,'G','CORRIDO',NULL,NULL);
INSERT INTO "songs" VALUES('46zut2bbiyr8aka4',NULL,NULL,'Venga Tu Reino',NULL,'G','BALADA RITMICA',NULL,NULL);
INSERT INTO "songs" VALUES('7sr8bph6092vsvj0',NULL,NULL,'Vengo Ante Ti Señor',NULL,'G','ROCK',NULL,NULL);
INSERT INTO "songs" VALUES('n07niylw3kjfvax4',NULL,NULL,'Voy Feliz Al Dulce Hogar',NULL,'G','CORRIDO',NULL,NULL);
INSERT INTO "songs" VALUES('mscpqw99fzku81bx',NULL,NULL,'Yo He Venido A Adorar',NULL,'G','ROCK',NULL,NULL);
INSERT INTO "songs" VALUES('g1bl18gp7rnzcv4p',NULL,NULL,'Yo Quiero Permanecer En Ti',NULL,'G','BALADA RITMICA',NULL,NULL);
INSERT INTO "songs" VALUES('5sn86kdys7ckrtma',NULL,NULL,'Yo Siento Una Gloria En Mi Alma',NULL,'G','BALADA RITMICA',NULL,NULL);
INSERT INTO "songs" VALUES('81te109nqki9m949',NULL,NULL,'Veo Al Rey De Gloria',NULL,'G','BALADA LENTA',NULL,NULL);
INSERT INTO "songs" VALUES('utlmxmum3nu9t97o','','Palabra en acción','Yo Solo Quiero Estar Donde Tu Estas','','G','BALADA LENTA',NULL,NULL);
INSERT INTO "songs" VALUES('airrv41mtzxlyvkw','Sube más alto','En espíritu y en verdad','Pueblos todos vestíos de gloria',NULL,'C',NULL,2014,NULL);
INSERT INTO "songs" VALUES('ro72tk0lk0e1zloz','Dios es poderoso','Hillsong','Poderoso nunca fallará',NULL,'B',NULL,2014,NULL);
INSERT INTO "songs" VALUES('yy4cbwdxs22jjzhm','Desde mi interior','Hillsong United','Mil veces te fallé',NULL,NULL,NULL,2014,NULL);
INSERT INTO "songs" VALUES('airrv41mtzxlyvkw','Mi Dios','Eduardo Ríos','Dios eterno padre bueno',NULL,NULL,NULL,2013,NULL);
INSERT INTO "songs" VALUES('pdl964bhez7scmzh','Venga tu reino','Hillsong United','Tu amor me alcanzó Señor',NULL,NULL,NULL,2014,NULL);
INSERT INTO "songs" VALUES('3tf1iy4nzoutp2p9',NULL,NULL,'Donde está el Espíritu de Dios',NULL,NULL,NULL,NULL,NULL);
INSERT INTO "songs" VALUES('9csiu4xnsfuyovk0',NULL,NULL,'Cristo rompe las cadenas',NULL,NULL,NULL,NULL,NULL);
INSERT INTO "songs" VALUES('zu5kmquvqwatk0wx','Por siempre','Marco Barrientos','Aunque pase ríos',NULL,NULL,NULL,2014,NULL);
INSERT INTO "songs" VALUES('xmxae5fwbxwlgtza','Incontenible es tu amor','En espiritu y en verdad','En la oscuridad brillas en majestad',NULL,NULL,NULL,2014,NULL);
INSERT INTO "songs" VALUES('ux27sn2xigwjo0t8','En el nombre de Jesús','Fionna Mellet','Lucha por nosotros',NULL,NULL,NULL,2014,NULL);
INSERT INTO "songs" VALUES('z4fnlr5jas9plpg6','Eres rey de los cielos','Marco Barrientos','Glorioso salvador','Transformados',NULL,NULL,2014,NULL);
INSERT INTO "songs" VALUES('kjvhs928ag4p9p92','Salmo 34','Katherine Cordero','Busqué al Señor',NULL,NULL,NULL,2014,NULL);
COMMIT;
